======  DDPID STREAM  ======
DDPID:  'DDP 2.00'
UPC:    '             '
MSS:    '        '
MSL:    '        '
MED:    ' '
MID:    '                                                '
BK:     ' '
TYPE:   'CD'
NSIDE:  ' '
SIDE:   ' '
NLAYER: ' '
LAYER:  ' '
SIZ:    '  '
TXT:    '                                 '

===  MAP STREAM  ===
-----  Packet #0  ----------
MPV:     'VVVM'
DST:     'S0'
DSP:     '        '
DSL:     '   22482'
DSS:     '        '
SUB:     'CDTEXT  '
CDM      '  '
SSM:     ' '
SCR:     ' '
PRE1:    '    '
PRE2:    '    '
PST:     '    '
MED:     ' '
TRK:     '00'
IDX:     '  '
ISRC:    '            '
SIZ:     ' 17'
DSI:     'CDTEXT.BIN       '
NEW:     ' '
PRE1NXT: '    '
PAUSEADD:'        '
OFS:     '         '
PAD:     '               '
-----  Packet #1  ----------
MPV:     'VVVM'
DST:     'S0'
DSP:     '        '
DSL:     '    6592'
DSS:     '        '
SUB:     'PQ DESCR'
CDM      '  '
SSM:     ' '
SCR:     ' '
PRE1:    '    '
PRE2:    '    '
PST:     '    '
MED:     ' '
TRK:     '  '
IDX:     '  '
ISRC:    '            '
SIZ:     ' 17'
DSI:     'SD               '
NEW:     ' '
PRE1NXT: '    '
PAUSEADD:'        '
OFS:     '         '
PAD:     '               '
-----  Packet #2  ----------
MPV:     'VVVM'
DST:     'D0'
DSP:     '        '
DSL:     '   29850'
DSS:     '        '
SUB:     '        '
CDM      'DA'
SSM:     '7'
SCR:     '1'
PRE1:    '    '
PRE2:    ' 150'
PST:     '    '
MED:     ' '
TRK:     '  '
IDX:     '  '
ISRC:    '            '
SIZ:     ' 17'
DSI:     'IMAGE.DAT        '
NEW:     ' '
PRE1NXT: '    '
PAUSEADD:'        '
OFS:     '         '
PAD:     '               '

Main data         Type Mode Tk Ix Start    Length   Pre1 Pre2 Post Offset
----------------- ---- ---- -- -- -------- -------- ---- ---- ---- ---------
IMAGE.DAT         D0   DA71                   29850       150               

======  SUBCODE DESCRIPTOR  ======
SPV  Tk/I A-Time   C1 C2 ISRC         UPC           TXT
---- ---- -------- -- -- ------------ ------------- ------------------------
VVVS 0000   000000 01                                                  
VVVS 0100   000000 01                                                  
VVVS 0101   000200 01                                                  
VVVS 0201   000600 01                                                  
VVVS 0301   001000 01                                                  
VVVS 0401   001400 01                                                  
VVVS 0501   001800 01                                                  
VVVS 0601   002200 01                                                  
VVVS 0701   002600 01                                                  
VVVS 0801   003000 01                                                  
VVVS 0901   003400 01                                                  
VVVS 1001   003800 01                                                  
VVVS 1101   004200 01                                                  
VVVS 1201   004600 01                                                  
VVVS 1301   005000 01                                                  
VVVS 1401   005400 01                                                  
VVVS 1501   005800 01                                                  
VVVS 1601   010200 01                                                  
VVVS 1701   010600 01                                                  
VVVS 1801   011000 01                                                  
VVVS 1901   011400 01                                                  
VVVS 2001   011800 01                                                  
VVVS 2101   012200 01                                                  
VVVS 2201   012600 01                                                  
VVVS 2301   013000 01                                                  
VVVS 2401   013400 01                                                  
VVVS 2501   013800 01                                                  
VVVS 2601   014200 01                                                  
VVVS 2701   014600 01                                                  
VVVS 2801   015000 01                                                  
VVVS 2901   015400 01                                                  
VVVS 3001   015800 01                                                  
VVVS 3101   020200 01                                                  
VVVS 3201   020600 01                                                  
VVVS 3301   021000 01                                                  
VVVS 3401   021400 01                                                  
VVVS 3501   021800 01                                                  
VVVS 3601   022200 01                                                  
VVVS 3701   022600 01                                                  
VVVS 3801   023000 01                                                  
VVVS 3901   023400 01                                                  
VVVS 4001   023800 01                                                  
VVVS 4101   024200 01                                                  
VVVS 4201   024600 01                                                  
VVVS 4301   025000 01                                                  
VVVS 4401   025400 01                                                  
VVVS 4501   025800 01                                                  
VVVS 4601   030200 01                                                  
VVVS 4701   030600 01                                                  
VVVS 4801   031000 01                                                  
VVVS 4901   031400 01                                                  
VVVS 5001   031800 01                                                  
VVVS 5101   032200 01                                                  
VVVS 5201   032600 01                                                  
VVVS 5301   033000 01                                                  
VVVS 5401   033400 01                                                  
VVVS 5501   033800 01                                                  
VVVS 5601   034200 01                                                  
VVVS 5701   034600 01                                                  
VVVS 5801   035000 01                                                  
VVVS 5901   035400 01                                                  
VVVS 6001   035800 01                                                  
VVVS 6101   040200 01                                                  
VVVS 6201   040600 01                                                  
VVVS 6301   041000 01                                                  
VVVS 6401   041400 01                                                  
VVVS 6501   041800 01                                                  
VVVS 6601   042200 01                                                  
VVVS 6701   042600 01                                                  
VVVS 6801   043000 01                                                  
VVVS 6901   043400 01                                                  
VVVS 7001   043800 01                                                  
VVVS 7101   044200 01                                                  
VVVS 7201   044600 01                                                  
VVVS 7301   045000 01                                                  
VVVS 7401   045400 01                                                  
VVVS 7501   045800 01                                                  
VVVS 7601   050200 01                                                  
VVVS 7701   050600 01                                                  
VVVS 7801   051000 01                                                  
VVVS 7901   051400 01                                                  
VVVS 8001   051800 01                                                  
VVVS 8101   052200 01                                                  
VVVS 8201   052600 01                                                  
VVVS 8301   053000 01                                                  
VVVS 8401   053400 01                                                  
VVVS 8501   053800 01                                                  
VVVS 8601   054200 01                                                  
VVVS 8701   054600 01                                                  
VVVS 8801   055000 01                                                  
VVVS 8901   055400 01                                                  
VVVS 9001   055800 01                                                  
VVVS 9101   060200 01                                                  
VVVS 9201   060600 01                                                  
VVVS 9301   061000 01                                                  
VVVS 9401   061400 01                                                  
VVVS 9501   061800 01                                                  
VVVS 9601   062200 01                                                  
VVVS 9701   062600 01                                                  
VVVS 9801   063000 01                                                  
VVVS 9901   063400 01                                                  
VVVS AA01   063800 01                                                  
VVVS AA01   063800 01                                                  

======  CD TEXT INFORMATION  ======
Pt E T# S# D B Cp  Text (hexadecimal)                    Text(Latin1)  CRC 
-----------------  ------------------------------------  ------------  ----
80 0 00 00 0 0  0  00 30 31 78 78 78  78 78 78 78 78 78  .01xxxxxxxxx  6E2C 
80 0 01 01 0 0 11  78 78 78 78 78 78  78 78 78 78 78 78  xxxxxxxxxxxx  5119 
80 0 01 02 0 0 15  78 78 78 78 78 78  78 78 78 78 78 78  xxxxxxxxxxxx  D917 
80 0 01 03 0 0 15  78 78 78 78 78 78  78 78 78 78 78 78  xxxxxxxxxxxx  A276 
80 0 01 04 0 0 15  78 78 78 78 78 78  78 78 78 78 78 78  xxxxxxxxxxxx  D270 
80 0 01 05 0 0 15  78 78 78 78 78 78  78 78 78 78 78 78  xxxxxxxxxxxx  A911 
80 0 01 06 0 0 15  78 78 78 78 78 78  78 78 78 78 78 78  xxxxxxxxxxxx  24B2 
80 0 01 07 0 0 15  78 78 78 78 78 78  78 78 78 78 78 78  xxxxxxxxxxxx  5FD3 
80 0 01 08 0 0 15  78 78 78 78 78 78  78 78 78 78 78 78  xxxxxxxxxxxx  C4BE 
80 0 01 09 0 0 15  78 78 78 78 78 78  78 78 78 78 78 78  xxxxxxxxxxxx  BFDF 
80 0 01 0A 0 0 15  78 78 78 78 78 78  78 78 78 78 78 78  xxxxxxxxxxxx  327C 
80 0 01 0B 0 0 15  78 78 78 78 78 78  78 78 78 78 78 78  xxxxxxxxxxxx  491D 
80 0 01 0C 0 0 15  78 78 78 78 78 78  78 00 30 32 78 78  xxxxxxx.02xx  1783 
80 0 02 0D 0 0  4  78 78 78 78 78 78  78 78 78 78 78 78  xxxxxxxxxxxx  65A0 
80 0 02 0E 0 0 15  78 78 78 78 78 78  78 78 78 78 78 78  xxxxxxxxxxxx  2CFC 
80 0 02 0F 0 0 15  78 78 78 78 78 78  78 78 78 78 78 78  xxxxxxxxxxxx  579D 
80 0 02 10 0 0 15  78 78 78 78 78 78  78 78 78 78 78 78  xxxxxxxxxxxx  0A07 
80 0 02 11 0 0 15  78 78 78 78 78 78  78 78 78 78 78 78  xxxxxxxxxxxx  7166 
80 0 02 12 0 0 15  78 78 78 78 78 78  78 78 78 78 78 78  xxxxxxxxxxxx  FCC5 
80 0 02 13 0 0 15  78 78 78 78 78 78  78 78 78 78 78 78  xxxxxxxxxxxx  87A4 
80 0 02 14 0 0 15  78 78 78 78 78 78  78 78 78 78 78 78  xxxxxxxxxxxx  F7A2 
80 0 02 15 0 0 15  78 78 78 78 78 78  78 78 78 78 78 78  xxxxxxxxxxxx  8CC3 
80 0 02 16 0 0 15  78 78 78 78 78 78  78 78 78 78 78 78  xxxxxxxxxxxx  0160 
80 0 02 17 0 0 15  78 78 78 78 78 78  78 78 78 78 78 78  xxxxxxxxxxxx  7A01 
80 0 02 18 0 0 15  78 78 78 78 78 78  78 78 78 78 78 78  xxxxxxxxxxxx  E16C 
80 0 02 19 0 0 15  78 78 00 30 33 78  78 78 78 78 78 78  xx.03xxxxxxx  599E 
80 0 03 1A 0 0  9  78 78 78 78 78 78  78 78 78 78 78 78  xxxxxxxxxxxx  3639 
80 0 03 1B 0 0 15  78 78 78 78 78 78  78 78 78 78 78 78  xxxxxxxxxxxx  C233 
80 0 03 1C 0 0 15  78 78 78 78 78 78  78 78 78 78 78 78  xxxxxxxxxxxx  B235 
80 0 03 1D 0 0 15  78 78 78 78 78 78  78 78 78 78 78 78  xxxxxxxxxxxx  C954 
80 0 03 1E 0 0 15  78 78 78 78 78 78  78 78 78 78 78 78  xxxxxxxxxxxx  44F7 
80 0 03 1F 0 0 15  78 78 78 78 78 78  78 78 78 78 78 78  xxxxxxxxxxxx  3F96 
80 0 03 20 0 0 15  78 78 78 78 78 78  78 78 78 78 78 78  xxxxxxxxxxxx  FFC3 
80 0 03 21 0 0 15  78 78 78 78 78 78  78 78 78 78 78 78  xxxxxxxxxxxx  84A2 
80 0 03 22 0 0 15  78 78 78 78 78 78  78 78 78 78 78 78  xxxxxxxxxxxx  0901 
80 0 03 23 0 0 15  78 78 78 78 78 78  78 78 78 78 78 78  xxxxxxxxxxxx  7260 
80 0 03 24 0 0 15  78 78 78 78 78 78  78 78 78 78 78 78  xxxxxxxxxxxx  0266 
80 0 03 25 0 0 15  78 78 78 78 78 78  78 78 78 00 30 34  xxxxxxxxx.04  0583 
80 0 04 26 0 0  2  78 78 78 78 78 78  78 78 78 78 78 78  xxxxxxxxxxxx  C7A7 
80 0 04 27 0 0 14  78 78 78 78 78 78  78 78 78 78 78 78  xxxxxxxxxxxx  B231 
80 0 04 28 0 0 15  78 78 78 78 78 78  78 78 78 78 78 78  xxxxxxxxxxxx  6C3F 
80 0 04 29 0 0 15  78 78 78 78 78 78  78 78 78 78 78 78  xxxxxxxxxxxx  175E 
80 0 04 2A 0 0 15  78 78 78 78 78 78  78 78 78 78 78 78  xxxxxxxxxxxx  9AFD 
80 0 04 2B 0 0 15  78 78 78 78 78 78  78 78 78 78 78 78  xxxxxxxxxxxx  E19C 
80 0 04 2C 0 0 15  78 78 78 78 78 78  78 78 78 78 78 78  xxxxxxxxxxxx  919A 
80 0 04 2D 0 0 15  78 78 78 78 78 78  78 78 78 78 78 78  xxxxxxxxxxxx  EAFB 
80 0 04 2E 0 0 15  78 78 78 78 78 78  78 78 78 78 78 78  xxxxxxxxxxxx  6758 
80 0 04 2F 0 0 15  78 78 78 78 78 78  78 78 78 78 78 78  xxxxxxxxxxxx  1C39 
80 0 04 30 0 0 15  78 78 78 78 78 78  78 78 78 78 78 78  xxxxxxxxxxxx  41A3 
80 0 04 31 0 0 15  78 78 78 78 78 78  78 78 78 78 78 78  xxxxxxxxxxxx  3AC2 
80 0 04 32 0 0 15  78 78 78 78 00 30  35 78 78 78 78 78  xxxx.05xxxxx  73A5 
80 0 05 33 0 0  7  78 78 78 78 78 78  78 78 78 78 78 78  xxxxxxxxxxxx  69A6 
80 0 05 34 0 0 15  78 78 78 78 78 78  78 78 78 78 78 78  xxxxxxxxxxxx  12FA 
80 0 05 35 0 0 15  78 78 78 78 78 78  78 78 78 78 78 78  xxxxxxxxxxxx  699B 
80 0 05 36 0 0 15  78 78 78 78 78 78  78 78 78 78 78 78  xxxxxxxxxxxx  E438 
80 0 05 37 0 0 15  78 78 78 78 78 78  78 78 78 78 78 78  xxxxxxxxxxxx  9F59 
80 0 05 38 0 0 15  78 78 78 78 78 78  78 78 78 78 78 78  xxxxxxxxxxxx  0434 
80 0 05 39 0 0 15  78 78 78 78 78 78  78 78 78 78 78 78  xxxxxxxxxxxx  7F55 
80 0 05 3A 0 0 15  78 78 78 78 78 78  78 78 78 78 78 78  xxxxxxxxxxxx  F2F6 
80 0 05 3B 0 0 15  78 78 78 78 78 78  78 78 78 78 78 78  xxxxxxxxxxxx  8997 
80 0 05 3C 0 0 15  78 78 78 78 78 78  78 78 78 78 78 78  xxxxxxxxxxxx  F991 
80 0 05 3D 0 0 15  78 78 78 78 78 78  78 78 78 78 78 78  xxxxxxxxxxxx  82F0 
80 0 05 3E 0 0 15  78 78 78 78 78 78  78 78 78 78 78 00  xxxxxxxxxxx.  F0CC 
80 0 06 3F 0 0  0  30 36 78 78 78 78  78 78 78 78 78 78  06xxxxxxxxxx  8702 
80 0 06 40 0 0 12  78 78 78 78 78 78  78 78 78 78 78 78  xxxxxxxxxxxx  B358 
80 0 06 41 0 0 15  78 78 78 78 78 78  78 78 78 78 78 78  xxxxxxxxxxxx  079C 
80 0 06 42 0 0 15  78 78 78 78 78 78  78 78 78 78 78 78  xxxxxxxxxxxx  8A3F 
80 0 06 43 0 0 15  78 78 78 78 78 78  78 78 78 78 78 78  xxxxxxxxxxxx  F15E 
80 0 06 44 0 0 15  78 78 78 78 78 78  78 78 78 78 78 78  xxxxxxxxxxxx  8158 
80 0 06 45 0 0 15  78 78 78 78 78 78  78 78 78 78 78 78  xxxxxxxxxxxx  FA39 
80 0 06 46 0 0 15  78 78 78 78 78 78  78 78 78 78 78 78  xxxxxxxxxxxx  779A 
80 0 06 47 0 0 15  78 78 78 78 78 78  78 78 78 78 78 78  xxxxxxxxxxxx  0CFB 
80 0 06 48 0 0 15  78 78 78 78 78 78  78 78 78 78 78 78  xxxxxxxxxxxx  9796 
80 0 06 49 0 0 15  78 78 78 78 78 78  78 78 78 78 78 78  xxxxxxxxxxxx  ECF7 
80 0 06 4A 0 0 15  78 78 78 78 78 78  78 78 78 78 78 78  xxxxxxxxxxxx  6154 
80 0 06 4B 0 0 15  78 78 78 78 78 78  00 30 37 78 78 78  xxxxxx.07xxx  FBDC 
80 0 07 4C 0 0  5  78 78 78 78 78 78  78 78 78 78 78 78  xxxxxxxxxxxx  4553 
80 0 07 4D 0 0 15  78 78 78 78 78 78  78 78 78 78 78 78  xxxxxxxxxxxx  BFAE 
80 0 07 4E 0 0 15  78 78 78 78 78 78  78 78 78 78 78 78  xxxxxxxxxxxx  320D 
80 0 07 4F 0 0 15  78 78 78 78 78 78  78 78 78 78 78 78  xxxxxxxxxxxx  496C 
80 0 07 50 0 0 15  78 78 78 78 78 78  78 78 78 78 78 78  xxxxxxxxxxxx  14F6 
80 0 07 51 0 0 15  78 78 78 78 78 78  78 78 78 78 78 78  xxxxxxxxxxxx  6F97 
80 0 07 52 0 0 15  78 78 78 78 78 78  78 78 78 78 78 78  xxxxxxxxxxxx  E234 
80 0 07 53 0 0 15  78 78 78 78 78 78  78 78 78 78 78 78  xxxxxxxxxxxx  9955 
80 0 07 54 0 0 15  78 78 78 78 78 78  78 78 78 78 78 78  xxxxxxxxxxxx  E953 
80 0 07 55 0 0 15  78 78 78 78 78 78  78 78 78 78 78 78  xxxxxxxxxxxx  9232 
80 0 07 56 0 0 15  78 78 78 78 78 78  78 78 78 78 78 78  xxxxxxxxxxxx  1F91 
80 0 07 57 0 0 15  78 78 78 78 78 78  78 78 78 78 78 78  xxxxxxxxxxxx  64F0 
80 0 07 58 0 0 15  78 00 30 38 78 78  78 78 78 78 78 78  x.08xxxxxxxx  8109 
80 0 08 59 0 0 10  78 78 78 78 78 78  78 78 78 78 78 78  xxxxxxxxxxxx  9BE0 
80 0 08 5A 0 0 15  78 78 78 78 78 78  78 78 78 78 78 78  xxxxxxxxxxxx  568D 
80 0 08 5B 0 0 15  78 78 78 78 78 78  78 78 78 78 78 78  xxxxxxxxxxxx  2DEC 
80 0 08 5C 0 0 15  78 78 78 78 78 78  78 78 78 78 78 78  xxxxxxxxxxxx  5DEA 
80 0 08 5D 0 0 15  78 78 78 78 78 78  78 78 78 78 78 78  xxxxxxxxxxxx  268B 
80 0 08 5E 0 0 15  78 78 78 78 78 78  78 78 78 78 78 78  xxxxxxxxxxxx  AB28 
80 0 08 5F 0 0 15  78 78 78 78 78 78  78 78 78 78 78 78  xxxxxxxxxxxx  D049 
80 0 08 60 0 0 15  78 78 78 78 78 78  78 78 78 78 78 78  xxxxxxxxxxxx  101C 
80 0 08 61 0 0 15  78 78 78 78 78 78  78 78 78 78 78 78  xxxxxxxxxxxx  6B7D 
80 0 08 62 0 0 15  78 78 78 78 78 78  78 78 78 78 78 78  xxxxxxxxxxxx  E6DE 
80 0 08 63 0 0 15  78 78 78 78 78 78  78 78 78 78 78 78  xxxxxxxxxxxx  9DBF 
80 0 08 64 0 0 15  78 78 78 78 78 78  78 78 00 30 39 78  xxxxxxxx.09x  A0FE 
80 0 09 65 0 0  3  78 78 78 78 78 78  78 78 78 78 78 78  xxxxxxxxxxxx  36D3 
80 0 09 66 0 0 15  78 78 78 78 78 78  78 78 78 78 78 78  xxxxxxxxxxxx  B587 
80 0 09 67 0 0 15  78 78 78 78 78 78  78 78 78 78 78 78  xxxxxxxxxxxx  CEE6 
80 0 09 68 0 0 15  78 78 78 78 78 78  78 78 78 78 78 78  xxxxxxxxxxxx  558B 
80 0 09 69 0 0 15  78 78 78 78 78 78  78 78 78 78 78 78  xxxxxxxxxxxx  2EEA 
80 0 09 6A 0 0 15  78 78 78 78 78 78  78 78 78 78 78 78  xxxxxxxxxxxx  A349 
80 0 09 6B 0 0 15  78 78 78 78 78 78  78 78 78 78 78 78  xxxxxxxxxxxx  D828 
80 0 09 6C 0 0 15  78 78 78 78 78 78  78 78 78 78 78 78  xxxxxxxxxxxx  A82E 
80 0 09 6D 0 0 15  78 78 78 78 78 78  78 78 78 78 78 78  xxxxxxxxxxxx  D34F 
80 0 09 6E 0 0 15  78 78 78 78 78 78  78 78 78 78 78 78  xxxxxxxxxxxx  5EEC 
80 0 09 6F 0 0 15  78 78 78 78 78 78  78 78 78 78 78 78  xxxxxxxxxxxx  258D 
80 0 09 70 0 0 15  78 78 78 78 78 78  78 78 78 78 78 78  xxxxxxxxxxxx  7817 
80 0 09 71 0 0 15  78 78 78 00 31 30  78 78 78 78 78 78  xxx.10xxxxxx  60CA 
80 0 10 72 0 0  8  78 78 78 78 78 78  78 78 78 78 78 78  xxxxxxxxxxxx  A7F8 
80 0 10 73 0 0 15  78 78 78 78 78 78  78 78 78 78 78 78  xxxxxxxxxxxx  1691 
80 0 10 74 0 0 15  78 78 78 78 78 78  78 78 78 78 78 78  xxxxxxxxxxxx  6697 
80 0 10 75 0 0 15  78 78 78 78 78 78  78 78 78 78 78 78  xxxxxxxxxxxx  1DF6 
80 0 10 76 0 0 15  78 78 78 78 78 78  78 78 78 78 78 78  xxxxxxxxxxxx  9055 
80 0 10 77 0 0 15  78 78 78 78 78 78  78 78 78 78 78 78  xxxxxxxxxxxx  EB34 
80 0 10 78 0 0 15  78 78 78 78 78 78  78 78 78 78 78 78  xxxxxxxxxxxx  7059 
80 0 10 79 0 0 15  78 78 78 78 78 78  78 78 78 78 78 78  xxxxxxxxxxxx  0B38 
80 0 10 7A 0 0 15  78 78 78 78 78 78  78 78 78 78 78 78  xxxxxxxxxxxx  869B 
80 0 10 7B 0 0 15  78 78 78 78 78 78  78 78 78 78 78 78  xxxxxxxxxxxx  FDFA 
80 0 10 7C 0 0 15  78 78 78 78 78 78  78 78 78 78 78 78  xxxxxxxxxxxx  8DFC 
80 0 10 7D 0 0 15  78 78 78 78 78 78  78 78 78 78 00 31  xxxxxxxxxx.1  AE80 
80 0 11 7E 0 0  1  31 78 78 78 78 78  78 78 78 78 78 78  1xxxxxxxxxxx  946E 
80 0 11 7F 0 0 13  78 78 78 78 78 78  78 78 78 78 78 78  xxxxxxxxxxxx  2465 
80 0 11 80 0 0 15  78 78 78 78 78 78  78 78 78 78 78 78  xxxxxxxxxxxx  1237 
80 0 11 81 0 0 15  78 78 78 78 78 78  78 78 78 78 78 78  xxxxxxxxxxxx  6956 
80 0 11 82 0 0 15  78 78 78 78 78 78  78 78 78 78 78 78  xxxxxxxxxxxx  E4F5 
80 0 11 83 0 0 15  78 78 78 78 78 78  78 78 78 78 78 78  xxxxxxxxxxxx  9F94 
80 0 11 84 0 0 15  78 78 78 78 78 78  78 78 78 78 78 78  xxxxxxxxxxxx  EF92 
80 0 11 85 0 0 15  78 78 78 78 78 78  78 78 78 78 78 78  xxxxxxxxxxxx  94F3 
80 0 11 86 0 0 15  78 78 78 78 78 78  78 78 78 78 78 78  xxxxxxxxxxxx  1950 
80 0 11 87 0 0 15  78 78 78 78 78 78  78 78 78 78 78 78  xxxxxxxxxxxx  6231 
80 0 11 88 0 0 15  78 78 78 78 78 78  78 78 78 78 78 78  xxxxxxxxxxxx  F95C 
80 0 11 89 0 0 15  78 78 78 78 78 78  78 78 78 78 78 78  xxxxxxxxxxxx  823D 
80 0 11 8A 0 0 15  78 78 78 78 78 00  31 32 78 78 78 78  xxxxx.12xxxx  6D66 
80 0 12 8B 0 0  6  78 78 78 78 78 78  78 78 78 78 78 78  xxxxxxxxxxxx  4251 
80 0 12 8C 0 0 15  78 78 78 78 78 78  78 78 78 78 78 78  xxxxxxxxxxxx  7C6E 
80 0 12 8D 0 0 15  78 78 78 78 78 78  78 78 78 78 78 78  xxxxxxxxxxxx  070F 
80 0 12 8E 0 0 15  78 78 78 78 78 78  78 78 78 78 78 78  xxxxxxxxxxxx  8AAC 
80 0 12 8F 0 0 15  78 78 78 78 78 78  78 78 78 78 78 78  xxxxxxxxxxxx  F1CD 
80 0 12 90 0 0 15  78 78 78 78 78 78  78 78 78 78 78 78  xxxxxxxxxxxx  AC57 
80 0 12 91 0 0 15  78 78 78 78 78 78  78 78 78 78 78 78  xxxxxxxxxxxx  D736 
80 0 12 92 0 0 15  78 78 78 78 78 78  78 78 78 78 78 78  xxxxxxxxxxxx  5A95 
80 0 12 93 0 0 15  78 78 78 78 78 78  78 78 78 78 78 78  xxxxxxxxxxxx  21F4 
80 0 12 94 0 0 15  78 78 78 78 78 78  78 78 78 78 78 78  xxxxxxxxxxxx  51F2 
80 0 12 95 0 0 15  78 78 78 78 78 78  78 78 78 78 78 78  xxxxxxxxxxxx  2A93 
80 0 12 96 0 0 15  78 78 78 78 78 78  78 78 78 78 78 78  xxxxxxxxxxxx  A730 
80 0 12 97 0 0 15  00 31 33 78 78 78  78 78 78 78 78 78  .13xxxxxxxxx  F4C5 
80 0 13 98 0 0 11  78 78 78 78 78 78  78 78 78 78 78 78  xxxxxxxxxxxx  EC6D 
80 0 13 99 0 0 15  78 78 78 78 78 78  78 78 78 78 78 78  xxxxxxxxxxxx  92A1 
80 0 13 9A 0 0 15  78 78 78 78 78 78  78 78 78 78 78 78  xxxxxxxxxxxx  1F02 
80 0 13 9B 0 0 15  78 78 78 78 78 78  78 78 78 78 78 78  xxxxxxxxxxxx  6463 
80 0 13 9C 0 0 15  78 78 78 78 78 78  78 78 78 78 78 78  xxxxxxxxxxxx  1465 
80 0 13 9D 0 0 15  78 78 78 78 78 78  78 78 78 78 78 78  xxxxxxxxxxxx  6F04 
80 0 13 9E 0 0 15  78 78 78 78 78 78  78 78 78 78 78 78  xxxxxxxxxxxx  E2A7 
80 0 13 9F 0 0 15  78 78 78 78 78 78  78 78 78 78 78 78  xxxxxxxxxxxx  99C6 
80 0 13 A0 0 0 15  78 78 78 78 78 78  78 78 78 78 78 78  xxxxxxxxxxxx  5993 
80 0 13 A1 0 0 15  78 78 78 78 78 78  78 78 78 78 78 78  xxxxxxxxxxxx  22F2 
80 0 13 A2 0 0 15  78 78 78 78 78 78  78 78 78 78 78 78  xxxxxxxxxxxx  AF51 
80 0 13 A3 0 0 15  78 78 78 78 78 78  78 00 31 34 78 78  xxxxxxx.14xx  3EBC 
80 0 14 A4 0 0  4  78 78 78 78 78 78  78 78 78 78 78 78  xxxxxxxxxxxx  83EC 
80 0 14 A5 0 0 15  78 78 78 78 78 78  78 78 78 78 78 78  xxxxxxxxxxxx  3C72 
80 0 14 A6 0 0 15  78 78 78 78 78 78  78 78 78 78 78 78  xxxxxxxxxxxx  B1D1 
80 0 14 A7 0 0 15  78 78 78 78 78 78  78 78 78 78 78 78  xxxxxxxxxxxx  CAB0 
80 0 14 A8 0 0 15  78 78 78 78 78 78  78 78 78 78 78 78  xxxxxxxxxxxx  51DD 
80 0 14 A9 0 0 15  78 78 78 78 78 78  78 78 78 78 78 78  xxxxxxxxxxxx  2ABC 
80 0 14 AA 0 0 15  78 78 78 78 78 78  78 78 78 78 78 78  xxxxxxxxxxxx  A71F 
80 0 14 AB 0 0 15  78 78 78 78 78 78  78 78 78 78 78 78  xxxxxxxxxxxx  DC7E 
80 0 14 AC 0 0 15  78 78 78 78 78 78  78 78 78 78 78 78  xxxxxxxxxxxx  AC78 
80 0 14 AD 0 0 15  78 78 78 78 78 78  78 78 78 78 78 78  xxxxxxxxxxxx  D719 
80 0 14 AE 0 0 15  78 78 78 78 78 78  78 78 78 78 78 78  xxxxxxxxxxxx  5ABA 
80 0 14 AF 0 0 15  78 78 78 78 78 78  78 78 78 78 78 78  xxxxxxxxxxxx  21DB 
80 0 14 B0 0 0 15  78 78 00 31 35 78  78 78 78 78 78 78  xx.15xxxxxxx  D43A 
80 0 15 B1 0 0  9  78 78 78 78 78 78  78 78 78 78 78 78  xxxxxxxxxxxx  26B7 
80 0 15 B2 0 0 15  78 78 78 78 78 78  78 78 78 78 78 78  xxxxxxxxxxxx  247F 
80 0 15 B3 0 0 15  78 78 78 78 78 78  78 78 78 78 78 78  xxxxxxxxxxxx  5F1E 
80 0 15 B4 0 0 15  78 78 78 78 78 78  78 78 78 78 78 78  xxxxxxxxxxxx  2F18 
80 0 15 B5 0 0 15  78 78 78 78 78 78  78 78 78 78 78 78  xxxxxxxxxxxx  5479 
80 0 15 B6 0 0 15  78 78 78 78 78 78  78 78 78 78 78 78  xxxxxxxxxxxx  D9DA 
80 0 15 B7 0 0 15  78 78 78 78 78 78  78 78 78 78 78 78  xxxxxxxxxxxx  A2BB 
80 0 15 B8 0 0 15  78 78 78 78 78 78  78 78 78 78 78 78  xxxxxxxxxxxx  39D6 
80 0 15 B9 0 0 15  78 78 78 78 78 78  78 78 78 78 78 78  xxxxxxxxxxxx  42B7 
80 0 15 BA 0 0 15  78 78 78 78 78 78  78 78 78 78 78 78  xxxxxxxxxxxx  CF14 
80 0 15 BB 0 0 15  78 78 78 78 78 78  78 78 78 78 78 78  xxxxxxxxxxxx  B475 
80 0 15 BC 0 0 15  78 78 78 78 78 78  78 78 78 00 31 36  xxxxxxxxx.16  AB84 
80 0 16 BD 0 0  2  78 78 78 78 78 78  78 78 78 78 78 78  xxxxxxxxxxxx  E5DE 
80 0 16 BE 0 0 14  78 78 78 78 78 78  78 78 78 78 78 78  xxxxxxxxxxxx  668A 
80 0 16 BF 0 0 15  78 78 78 78 78 78  78 78 78 78 78 78  xxxxxxxxxxxx  5888 
80 0 16 C0 0 0 15  78 78 78 78 78 78  78 78 78 78 78 78  xxxxxxxxxxxx  B362 
80 0 16 C1 0 0 15  78 78 78 78 78 78  78 78 78 78 78 78  xxxxxxxxxxxx  C803 
80 0 16 C2 0 0 15  78 78 78 78 78 78  78 78 78 78 78 78  xxxxxxxxxxxx  45A0 
80 0 16 C3 0 0 15  78 78 78 78 78 78  78 78 78 78 78 78  xxxxxxxxxxxx  3EC1 
80 0 16 C4 0 0 15  78 78 78 78 78 78  78 78 78 78 78 78  xxxxxxxxxxxx  4EC7 
80 0 16 C5 0 0 15  78 78 78 78 78 78  78 78 78 78 78 78  xxxxxxxxxxxx  35A6 
80 0 16 C6 0 0 15  78 78 78 78 78 78  78 78 78 78 78 78  xxxxxxxxxxxx  B805 
80 0 16 C7 0 0 15  78 78 78 78 78 78  78 78 78 78 78 78  xxxxxxxxxxxx  C364 
80 0 16 C8 0 0 15  78 78 78 78 78 78  78 78 78 78 78 78  xxxxxxxxxxxx  5809 
80 0 16 C9 0 0 15  78 78 78 78 00 31  37 78 78 78 78 78  xxxx.17xxxxx  D48D 
80 0 17 CA 0 0  7  78 78 78 78 78 78  78 78 78 78 78 78  xxxxxxxxxxxx  0B6D 
80 0 17 CB 0 0 15  78 78 78 78 78 78  78 78 78 78 78 78  xxxxxxxxxxxx  7B56 
80 0 17 CC 0 0 15  78 78 78 78 78 78  78 78 78 78 78 78  xxxxxxxxxxxx  0B50 
80 0 17 CD 0 0 15  78 78 78 78 78 78  78 78 78 78 78 78  xxxxxxxxxxxx  7031 
80 0 17 CE 0 0 15  78 78 78 78 78 78  78 78 78 78 78 78  xxxxxxxxxxxx  FD92 
80 0 17 CF 0 0 15  78 78 78 78 78 78  78 78 78 78 78 78  xxxxxxxxxxxx  86F3 
80 0 17 D0 0 0 15  78 78 78 78 78 78  78 78 78 78 78 78  xxxxxxxxxxxx  DB69 
80 0 17 D1 0 0 15  78 78 78 78 78 78  78 78 78 78 78 78  xxxxxxxxxxxx  A008 
80 0 17 D2 0 0 15  78 78 78 78 78 78  78 78 78 78 78 78  xxxxxxxxxxxx  2DAB 
80 0 17 D3 0 0 15  78 78 78 78 78 78  78 78 78 78 78 78  xxxxxxxxxxxx  56CA 
80 0 17 D4 0 0 15  78 78 78 78 78 78  78 78 78 78 78 78  xxxxxxxxxxxx  26CC 
80 0 17 D5 0 0 15  78 78 78 78 78 78  78 78 78 78 78 00  xxxxxxxxxxx.  A232 
80 0 18 D6 0 0  0  31 38 78 78 78 78  78 78 78 78 78 78  18xxxxxxxxxx  7331 
80 0 18 D7 0 0 12  78 78 78 78 78 78  78 78 78 78 78 78  xxxxxxxxxxxx  87EF 
80 0 18 D8 0 0 15  78 78 78 78 78 78  78 78 78 78 78 78  xxxxxxxxxxxx  D327 
80 0 18 D9 0 0 15  78 78 78 78 78 78  78 78 78 78 78 78  xxxxxxxxxxxx  A846 
80 0 18 DA 0 0 15  78 78 78 78 78 78  78 78 78 78 78 78  xxxxxxxxxxxx  25E5 
80 0 18 DB 0 0 15  78 78 78 78 78 78  78 78 78 78 78 78  xxxxxxxxxxxx  5E84 
80 0 18 DC 0 0 15  78 78 78 78 78 78  78 78 78 78 78 78  xxxxxxxxxxxx  2E82 
80 0 18 DD 0 0 15  78 78 78 78 78 78  78 78 78 78 78 78  xxxxxxxxxxxx  55E3 
80 0 18 DE 0 0 15  78 78 78 78 78 78  78 78 78 78 78 78  xxxxxxxxxxxx  D840 
80 0 18 DF 0 0 15  78 78 78 78 78 78  78 78 78 78 78 78  xxxxxxxxxxxx  A321 
80 0 18 E0 0 0 15  78 78 78 78 78 78  78 78 78 78 78 78  xxxxxxxxxxxx  6374 
80 0 18 E1 0 0 15  78 78 78 78 78 78  78 78 78 78 78 78  xxxxxxxxxxxx  1815 
80 0 18 E2 0 0 15  78 78 78 78 78 78  00 31 39 78 78 78  xxxxxx.19xxx  7C54 
80 0 19 E3 0 0  5  78 78 78 78 78 78  78 78 78 78 78 78  xxxxxxxxxxxx  C1B7 
80 0 19 E4 0 0 15  78 78 78 78 78 78  78 78 78 78 78 78  xxxxxxxxxxxx  302D 
80 0 19 E5 0 0 15  78 78 78 78 78 78  78 78 78 78 78 78  xxxxxxxxxxxx  4B4C 
80 0 19 E6 0 0 15  78 78 78 78 78 78  78 78 78 78 78 78  xxxxxxxxxxxx  C6EF 
80 0 19 E7 0 0 15  78 78 78 78 78 78  78 78 78 78 78 78  xxxxxxxxxxxx  BD8E 
80 0 19 E8 0 0 15  78 78 78 78 78 78  78 78 78 78 78 78  xxxxxxxxxxxx  26E3 
80 0 19 E9 0 0 15  78 78 78 78 78 78  78 78 78 78 78 78  xxxxxxxxxxxx  5D82 
80 0 19 EA 0 0 15  78 78 78 78 78 78  78 78 78 78 78 78  xxxxxxxxxxxx  D021 
80 0 19 EB 0 0 15  78 78 78 78 78 78  78 78 78 78 78 78  xxxxxxxxxxxx  AB40 
80 0 19 EC 0 0 15  78 78 78 78 78 78  78 78 78 78 78 78  xxxxxxxxxxxx  DB46 
80 0 19 ED 0 0 15  78 78 78 78 78 78  78 78 78 78 78 78  xxxxxxxxxxxx  A027 
80 0 19 EE 0 0 15  78 78 78 78 78 78  78 78 78 78 78 78  xxxxxxxxxxxx  2D84 
80 0 19 EF 0 0 15  78 00 32 30 78 78  78 78 78 78 78 78  x.20xxxxxxxx  DF04 
80 0 20 F0 0 0 10  78 78 78 78 78 78  78 78 78 78 78 78  xxxxxxxxxxxx  3326 
80 0 20 F1 0 0 15  78 78 78 78 78 78  78 78 78 78 78 78  xxxxxxxxxxxx  0889 
80 0 20 F2 0 0 15  78 78 78 78 78 78  78 78 78 78 78 78  xxxxxxxxxxxx  852A 
80 0 20 F3 0 0 15  78 78 78 78 78 78  78 78 78 78 78 78  xxxxxxxxxxxx  FE4B 
80 0 20 F4 0 0 15  78 78 78 78 78 78  78 78 78 78 78 78  xxxxxxxxxxxx  8E4D 
80 0 20 F5 0 0 15  78 78 78 78 78 78  78 78 78 78 78 78  xxxxxxxxxxxx  F52C 
80 0 20 F6 0 0 15  78 78 78 78 78 78  78 78 78 78 78 78  xxxxxxxxxxxx  788F 
80 0 20 F7 0 0 15  78 78 78 78 78 78  78 78 78 78 78 78  xxxxxxxxxxxx  03EE 
80 0 20 F8 0 0 15  78 78 78 78 78 78  78 78 78 78 78 78  xxxxxxxxxxxx  9883 
80 0 20 F9 0 0 15  78 78 78 78 78 78  78 78 78 78 78 78  xxxxxxxxxxxx  E3E2 
80 0 20 FA 0 0 15  78 78 78 78 78 78  78 78 78 78 78 78  xxxxxxxxxxxx  6E41 
80 0 20 FB 0 0 15  78 78 78 78 78 78  78 78 00 32 31 78  xxxxxxxx.21x  BFAE 
80 0 21 FC 0 0  3  78 78 78 78 78 78  78 78 78 78 78 78  xxxxxxxxxxxx  C52D 
80 0 21 FD 0 0 15  78 78 78 78 78 78  78 78 78 78 78 78  xxxxxxxxxxxx  B0BB 
80 0 21 FE 0 0 15  78 78 78 78 78 78  78 78 78 78 78 78  xxxxxxxxxxxx  3D18 
80 0 21 FF 0 0 15  78 78 78 78 78 78  78 78 78 78 78 78  xxxxxxxxxxxx  4679 
80 0 21 00 0 0 15  78 78 78 78 78 78  78 78 78 78 78 78  xxxxxxxxxxxx  FAED 
80 0 21 01 0 0 15  78 78 78 78 78 78  78 78 78 78 78 78  xxxxxxxxxxxx  818C 
80 0 21 02 0 0 15  78 78 78 78 78 78  78 78 78 78 78 78  xxxxxxxxxxxx  0C2F 
80 0 21 03 0 0 15  78 78 78 78 78 78  78 78 78 78 78 78  xxxxxxxxxxxx  774E 
80 0 21 04 0 0 15  78 78 78 78 78 78  78 78 78 78 78 78  xxxxxxxxxxxx  0748 
80 0 21 05 0 0 15  78 78 78 78 78 78  78 78 78 78 78 78  xxxxxxxxxxxx  7C29 
80 0 21 06 0 0 15  78 78 78 78 78 78  78 78 78 78 78 78  xxxxxxxxxxxx  F18A 
80 0 21 07 0 0 15  78 78 78 78 78 78  78 78 78 78 78 78  xxxxxxxxxxxx  8AEB 
80 0 21 08 0 0 15  78 78 78 00 32 32  78 78 78 78 78 78  xxx.22xxxxxx  DAAC 
80 0 22 09 0 0  8  78 78 78 78 78 78  78 78 78 78 78 78  xxxxxxxxxxxx  43CA 
80 0 22 0A 0 0 15  78 78 78 78 78 78  78 78 78 78 78 78  xxxxxxxxxxxx  0461 
80 0 22 0B 0 0 15  78 78 78 78 78 78  78 78 78 78 78 78  xxxxxxxxxxxx  7F00 
80 0 22 0C 0 0 15  78 78 78 78 78 78  78 78 78 78 78 78  xxxxxxxxxxxx  0F06 
80 0 22 0D 0 0 15  78 78 78 78 78 78  78 78 78 78 78 78  xxxxxxxxxxxx  7467 
80 0 22 0E 0 0 15  78 78 78 78 78 78  78 78 78 78 78 78  xxxxxxxxxxxx  F9C4 
80 0 22 0F 0 0 15  78 78 78 78 78 78  78 78 78 78 78 78  xxxxxxxxxxxx  82A5 
80 0 22 10 0 0 15  78 78 78 78 78 78  78 78 78 78 78 78  xxxxxxxxxxxx  DF3F 
80 0 22 11 0 0 15  78 78 78 78 78 78  78 78 78 78 78 78  xxxxxxxxxxxx  A45E 
80 0 22 12 0 0 15  78 78 78 78 78 78  78 78 78 78 78 78  xxxxxxxxxxxx  29FD 
80 0 22 13 0 0 15  78 78 78 78 78 78  78 78 78 78 78 78  xxxxxxxxxxxx  529C 
80 0 22 14 0 0 15  78 78 78 78 78 78  78 78 78 78 00 32  xxxxxxxxxx.2  4AE4 
80 0 23 15 0 0  1  33 78 78 78 78 78  78 78 78 78 78 78  3xxxxxxxxxxx  B041 
80 0 23 16 0 0 13  78 78 78 78 78 78  78 78 78 78 78 78  xxxxxxxxxxxx  F062 
80 0 23 17 0 0 15  78 78 78 78 78 78  78 78 78 78 78 78  xxxxxxxxxxxx  01C5 
80 0 23 18 0 0 15  78 78 78 78 78 78  78 78 78 78 78 78  xxxxxxxxxxxx  9AA8 
80 0 23 19 0 0 15  78 78 78 78 78 78  78 78 78 78 78 78  xxxxxxxxxxxx  E1C9 
80 0 23 1A 0 0 15  78 78 78 78 78 78  78 78 78 78 78 78  xxxxxxxxxxxx  6C6A 
80 0 23 1B 0 0 15  78 78 78 78 78 78  78 78 78 78 78 78  xxxxxxxxxxxx  170B 
80 0 23 1C 0 0 15  78 78 78 78 78 78  78 78 78 78 78 78  xxxxxxxxxxxx  670D 
80 0 23 1D 0 0 15  78 78 78 78 78 78  78 78 78 78 78 78  xxxxxxxxxxxx  1C6C 
80 0 23 1E 0 0 15  78 78 78 78 78 78  78 78 78 78 78 78  xxxxxxxxxxxx  91CF 
80 0 23 1F 0 0 15  78 78 78 78 78 78  78 78 78 78 78 78  xxxxxxxxxxxx  EAAE 
80 0 23 20 0 0 15  78 78 78 78 78 78  78 78 78 78 78 78  xxxxxxxxxxxx  2AFB 
80 0 23 21 0 0 15  78 78 78 78 78 00  32 34 78 78 78 78  xxxxx.24xxxx  3007 
80 0 24 22 0 0  6  78 78 78 78 78 78  78 78 78 78 78 78  xxxxxxxxxxxx  CDD2 
80 0 24 23 0 0 15  78 78 78 78 78 78  78 78 78 78 78 78  xxxxxxxxxxxx  F88A 
80 0 24 24 0 0 15  78 78 78 78 78 78  78 78 78 78 78 78  xxxxxxxxxxxx  888C 
80 0 24 25 0 0 15  78 78 78 78 78 78  78 78 78 78 78 78  xxxxxxxxxxxx  F3ED 
80 0 24 26 0 0 15  78 78 78 78 78 78  78 78 78 78 78 78  xxxxxxxxxxxx  7E4E 
80 0 24 27 0 0 15  78 78 78 78 78 78  78 78 78 78 78 78  xxxxxxxxxxxx  052F 
80 0 24 28 0 0 15  78 78 78 78 78 78  78 78 78 78 78 78  xxxxxxxxxxxx  9E42 
80 0 24 29 0 0 15  78 78 78 78 78 78  78 78 78 78 78 78  xxxxxxxxxxxx  E523 
80 0 24 2A 0 0 15  78 78 78 78 78 78  78 78 78 78 78 78  xxxxxxxxxxxx  6880 
80 0 24 2B 0 0 15  78 78 78 78 78 78  78 78 78 78 78 78  xxxxxxxxxxxx  13E1 
80 0 24 2C 0 0 15  78 78 78 78 78 78  78 78 78 78 78 78  xxxxxxxxxxxx  63E7 
80 0 24 2D 0 0 15  78 78 78 78 78 78  78 78 78 78 78 78  xxxxxxxxxxxx  1886 
80 0 24 2E 0 0 15  00 32 35 78 78 78  78 78 78 78 78 78  .25xxxxxxxxx  B6F4 
80 0 25 2F 0 0 11  78 78 78 78 78 78  78 78 78 78 78 78  xxxxxxxxxxxx  4515 
80 0 25 30 0 0 15  78 78 78 78 78 78  78 78 78 78 78 78  xxxxxxxxxxxx  1D22 
80 0 25 31 0 0 15  78 78 78 78 78 78  78 78 78 78 78 78  xxxxxxxxxxxx  6643 
80 0 25 32 0 0 15  78 78 78 78 78 78  78 78 78 78 78 78  xxxxxxxxxxxx  EBE0 
80 0 25 33 0 0 15  78 78 78 78 78 78  78 78 78 78 78 78  xxxxxxxxxxxx  9081 
80 0 25 34 0 0 15  78 78 78 78 78 78  78 78 78 78 78 78  xxxxxxxxxxxx  E087 
80 0 25 35 0 0 15  78 78 78 78 78 78  78 78 78 78 78 78  xxxxxxxxxxxx  9BE6 
80 0 25 36 0 0 15  78 78 78 78 78 78  78 78 78 78 78 78  xxxxxxxxxxxx  1645 
80 0 25 37 0 0 15  78 78 78 78 78 78  78 78 78 78 78 78  xxxxxxxxxxxx  6D24 
80 0 25 38 0 0 15  78 78 78 78 78 78  78 78 78 78 78 78  xxxxxxxxxxxx  F649 
80 0 25 39 0 0 15  78 78 78 78 78 78  78 78 78 78 78 78  xxxxxxxxxxxx  8D28 
80 0 25 3A 0 0 15  78 78 78 78 78 78  78 00 32 36 78 78  xxxxxxx.26xx  1FBB 
80 0 26 3B 0 0  4  78 78 78 78 78 78  78 78 78 78 78 78  xxxxxxxxxxxx  5C30 
80 0 26 3C 0 0 15  78 78 78 78 78 78  78 78 78 78 78 78  xxxxxxxxxxxx  E8C9 
80 0 26 3D 0 0 15  78 78 78 78 78 78  78 78 78 78 78 78  xxxxxxxxxxxx  93A8 
80 0 26 3E 0 0 15  78 78 78 78 78 78  78 78 78 78 78 78  xxxxxxxxxxxx  1E0B 
80 0 26 3F 0 0 15  78 78 78 78 78 78  78 78 78 78 78 78  xxxxxxxxxxxx  656A 
80 0 26 40 0 0 15  78 78 78 78 78 78  78 78 78 78 78 78  xxxxxxxxxxxx  8E80 
80 0 26 41 0 0 15  78 78 78 78 78 78  78 78 78 78 78 78  xxxxxxxxxxxx  F5E1 
80 0 26 42 0 0 15  78 78 78 78 78 78  78 78 78 78 78 78  xxxxxxxxxxxx  7842 
80 0 26 43 0 0 15  78 78 78 78 78 78  78 78 78 78 78 78  xxxxxxxxxxxx  0323 
80 0 26 44 0 0 15  78 78 78 78 78 78  78 78 78 78 78 78  xxxxxxxxxxxx  7325 
80 0 26 45 0 0 15  78 78 78 78 78 78  78 78 78 78 78 78  xxxxxxxxxxxx  0844 
80 0 26 46 0 0 15  78 78 78 78 78 78  78 78 78 78 78 78  xxxxxxxxxxxx  85E7 
80 0 26 47 0 0 15  78 78 00 32 37 78  78 78 78 78 78 78  xx.27xxxxxxx  F41F 
80 0 27 48 0 0  9  78 78 78 78 78 78  78 78 78 78 78 78  xxxxxxxxxxxx  447C 
80 0 27 49 0 0 15  78 78 78 78 78 78  78 78 78 78 78 78  xxxxxxxxxxxx  B076 
80 0 27 4A 0 0 15  78 78 78 78 78 78  78 78 78 78 78 78  xxxxxxxxxxxx  3DD5 
80 0 27 4B 0 0 15  78 78 78 78 78 78  78 78 78 78 78 78  xxxxxxxxxxxx  46B4 
80 0 27 4C 0 0 15  78 78 78 78 78 78  78 78 78 78 78 78  xxxxxxxxxxxx  36B2 
80 0 27 4D 0 0 15  78 78 78 78 78 78  78 78 78 78 78 78  xxxxxxxxxxxx  4DD3 
80 0 27 4E 0 0 15  78 78 78 78 78 78  78 78 78 78 78 78  xxxxxxxxxxxx  C070 
80 0 27 4F 0 0 15  78 78 78 78 78 78  78 78 78 78 78 78  xxxxxxxxxxxx  BB11 
80 0 27 50 0 0 15  78 78 78 78 78 78  78 78 78 78 78 78  xxxxxxxxxxxx  E68B 
80 0 27 51 0 0 15  78 78 78 78 78 78  78 78 78 78 78 78  xxxxxxxxxxxx  9DEA 
80 0 27 52 0 0 15  78 78 78 78 78 78  78 78 78 78 78 78  xxxxxxxxxxxx  1049 
80 0 27 53 0 0 15  78 78 78 78 78 78  78 78 78 00 32 38  xxxxxxxxx.28  B042 
80 0 28 54 0 0  2  78 78 78 78 78 78  78 78 78 78 78 78  xxxxxxxxxxxx  282D 
80 0 28 55 0 0 14  78 78 78 78 78 78  78 78 78 78 78 78  xxxxxxxxxxxx  5DBB 
80 0 28 56 0 0 15  78 78 78 78 78 78  78 78 78 78 78 78  xxxxxxxxxxxx  957B 
80 0 28 57 0 0 15  78 78 78 78 78 78  78 78 78 78 78 78  xxxxxxxxxxxx  EE1A 
80 0 28 58 0 0 15  78 78 78 78 78 78  78 78 78 78 78 78  xxxxxxxxxxxx  7577 
80 0 28 59 0 0 15  78 78 78 78 78 78  78 78 78 78 78 78  xxxxxxxxxxxx  0E16 
80 0 28 5A 0 0 15  78 78 78 78 78 78  78 78 78 78 78 78  xxxxxxxxxxxx  83B5 
80 0 28 5B 0 0 15  78 78 78 78 78 78  78 78 78 78 78 78  xxxxxxxxxxxx  F8D4 
80 0 28 5C 0 0 15  78 78 78 78 78 78  78 78 78 78 78 78  xxxxxxxxxxxx  88D2 
80 0 28 5D 0 0 15  78 78 78 78 78 78  78 78 78 78 78 78  xxxxxxxxxxxx  F3B3 
80 0 28 5E 0 0 15  78 78 78 78 78 78  78 78 78 78 78 78  xxxxxxxxxxxx  7E10 
80 0 28 5F 0 0 15  78 78 78 78 78 78  78 78 78 78 78 78  xxxxxxxxxxxx  0571 
80 0 28 60 0 0 15  78 78 78 78 00 32  39 78 78 78 78 78  xxxx.29xxxxx  6AE0 
80 0 29 61 0 0  7  78 78 78 78 78 78  78 78 78 78 78 78  xxxxxxxxxxxx  1BE3 
80 0 29 62 0 0 15  78 78 78 78 78 78  78 78 78 78 78 78  xxxxxxxxxxxx  9D1A 
80 0 29 63 0 0 15  78 78 78 78 78 78  78 78 78 78 78 78  xxxxxxxxxxxx  E67B 
80 0 29 64 0 0 15  78 78 78 78 78 78  78 78 78 78 78 78  xxxxxxxxxxxx  967D 
80 0 29 65 0 0 15  78 78 78 78 78 78  78 78 78 78 78 78  xxxxxxxxxxxx  ED1C 
80 0 29 66 0 0 15  78 78 78 78 78 78  78 78 78 78 78 78  xxxxxxxxxxxx  60BF 
80 0 29 67 0 0 15  78 78 78 78 78 78  78 78 78 78 78 78  xxxxxxxxxxxx  1BDE 
80 0 29 68 0 0 15  78 78 78 78 78 78  78 78 78 78 78 78  xxxxxxxxxxxx  80B3 
80 0 29 69 0 0 15  78 78 78 78 78 78  78 78 78 78 78 78  xxxxxxxxxxxx  FBD2 
80 0 29 6A 0 0 15  78 78 78 78 78 78  78 78 78 78 78 78  xxxxxxxxxxxx  7671 
80 0 29 6B 0 0 15  78 78 78 78 78 78  78 78 78 78 78 78  xxxxxxxxxxxx  0D10 
80 0 29 6C 0 0 15  78 78 78 78 78 78  78 78 78 78 78 00  xxxxxxxxxxx.  8289 
80 0 30 6D 0 0  0  33 30 78 78 78 78  78 78 78 78 78 78  30xxxxxxxxxx  012C 
80 0 30 6E 0 0 12  78 78 78 78 78 78  78 78 78 78 78 78  xxxxxxxxxxxx  A754 
80 0 30 6F 0 0 15  78 78 78 78 78 78  78 78 78 78 78 78  xxxxxxxxxxxx  1390 
80 0 30 70 0 0 15  78 78 78 78 78 78  78 78 78 78 78 78  xxxxxxxxxxxx  4E0A 
80 0 30 71 0 0 15  78 78 78 78 78 78  78 78 78 78 78 78  xxxxxxxxxxxx  356B 
80 0 30 72 0 0 15  78 78 78 78 78 78  78 78 78 78 78 78  xxxxxxxxxxxx  B8C8 
80 0 30 73 0 0 15  78 78 78 78 78 78  78 78 78 78 78 78  xxxxxxxxxxxx  C3A9 
80 0 30 74 0 0 15  78 78 78 78 78 78  78 78 78 78 78 78  xxxxxxxxxxxx  B3AF 
80 0 30 75 0 0 15  78 78 78 78 78 78  78 78 78 78 78 78  xxxxxxxxxxxx  C8CE 
80 0 30 76 0 0 15  78 78 78 78 78 78  78 78 78 78 78 78  xxxxxxxxxxxx  456D 
80 0 30 77 0 0 15  78 78 78 78 78 78  78 78 78 78 78 78  xxxxxxxxxxxx  3E0C 
80 0 30 78 0 0 15  78 78 78 78 78 78  78 78 78 78 78 78  xxxxxxxxxxxx  A561 
80 0 30 79 0 0 15  78 78 78 78 78 78  00 33 31 78 78 78  xxxxxx.31xxx  F6A2 
80 0 31 7A 0 0  5  78 78 78 78 78 78  78 78 78 78 78 78  xxxxxxxxxxxx  7CC3 
80 0 31 7B 0 0 15  78 78 78 78 78 78  78 78 78 78 78 78  xxxxxxxxxxxx  863E 
80 0 31 7C 0 0 15  78 78 78 78 78 78  78 78 78 78 78 78  xxxxxxxxxxxx  F638 
80 0 31 7D 0 0 15  78 78 78 78 78 78  78 78 78 78 78 78  xxxxxxxxxxxx  8D59 
80 0 31 7E 0 0 15  78 78 78 78 78 78  78 78 78 78 78 78  xxxxxxxxxxxx  00FA 
80 0 31 7F 0 0 15  78 78 78 78 78 78  78 78 78 78 78 78  xxxxxxxxxxxx  7B9B 
80 0 31 80 0 0 15  78 78 78 78 78 78  78 78 78 78 78 78  xxxxxxxxxxxx  C70F 
80 0 31 81 0 0 15  78 78 78 78 78 78  78 78 78 78 78 78  xxxxxxxxxxxx  BC6E 
80 0 31 82 0 0 15  78 78 78 78 78 78  78 78 78 78 78 78  xxxxxxxxxxxx  31CD 
80 0 31 83 0 0 15  78 78 78 78 78 78  78 78 78 78 78 78  xxxxxxxxxxxx  4AAC 
80 0 31 84 0 0 15  78 78 78 78 78 78  78 78 78 78 78 78  xxxxxxxxxxxx  3AAA 
80 0 31 85 0 0 15  78 78 78 78 78 78  78 78 78 78 78 78  xxxxxxxxxxxx  41CB 
80 0 31 86 0 0 15  78 00 33 32 78 78  78 78 78 78 78 78  x.32xxxxxxxx  ECAB 
80 0 32 87 0 0 10  78 78 78 78 78 78  78 78 78 78 78 78  xxxxxxxxxxxx  7B8B 
80 0 32 88 0 0 15  78 78 78 78 78 78  78 78 78 78 78 78  xxxxxxxxxxxx  A028 
80 0 32 89 0 0 15  78 78 78 78 78 78  78 78 78 78 78 78  xxxxxxxxxxxx  DB49 
80 0 32 8A 0 0 15  78 78 78 78 78 78  78 78 78 78 78 78  xxxxxxxxxxxx  56EA 
80 0 32 8B 0 0 15  78 78 78 78 78 78  78 78 78 78 78 78  xxxxxxxxxxxx  2D8B 
80 0 32 8C 0 0 15  78 78 78 78 78 78  78 78 78 78 78 78  xxxxxxxxxxxx  5D8D 
80 0 32 8D 0 0 15  78 78 78 78 78 78  78 78 78 78 78 78  xxxxxxxxxxxx  26EC 
80 0 32 8E 0 0 15  78 78 78 78 78 78  78 78 78 78 78 78  xxxxxxxxxxxx  AB4F 
80 0 32 8F 0 0 15  78 78 78 78 78 78  78 78 78 78 78 78  xxxxxxxxxxxx  D02E 
80 0 32 90 0 0 15  78 78 78 78 78 78  78 78 78 78 78 78  xxxxxxxxxxxx  8DB4 
80 0 32 91 0 0 15  78 78 78 78 78 78  78 78 78 78 78 78  xxxxxxxxxxxx  F6D5 
80 0 32 92 0 0 15  78 78 78 78 78 78  78 78 00 33 33 78  xxxxxxxx.33x  80AA 
80 0 33 93 0 0  3  78 78 78 78 78 78  78 78 78 78 78 78  xxxxxxxxxxxx  A01C 
80 0 33 94 0 0 15  78 78 78 78 78 78  78 78 78 78 78 78  xxxxxxxxxxxx  DEED 
80 0 33 95 0 0 15  78 78 78 78 78 78  78 78 78 78 78 78  xxxxxxxxxxxx  A58C 
80 0 33 96 0 0 15  78 78 78 78 78 78  78 78 78 78 78 78  xxxxxxxxxxxx  282F 
80 0 33 97 0 0 15  78 78 78 78 78 78  78 78 78 78 78 78  xxxxxxxxxxxx  534E 
80 0 33 98 0 0 15  78 78 78 78 78 78  78 78 78 78 78 78  xxxxxxxxxxxx  C823 
80 0 33 99 0 0 15  78 78 78 78 78 78  78 78 78 78 78 78  xxxxxxxxxxxx  B342 
80 0 33 9A 0 0 15  78 78 78 78 78 78  78 78 78 78 78 78  xxxxxxxxxxxx  3EE1 
80 0 33 9B 0 0 15  78 78 78 78 78 78  78 78 78 78 78 78  xxxxxxxxxxxx  4580 
80 0 33 9C 0 0 15  78 78 78 78 78 78  78 78 78 78 78 78  xxxxxxxxxxxx  3586 
80 0 33 9D 0 0 15  78 78 78 78 78 78  78 78 78 78 78 78  xxxxxxxxxxxx  4EE7 
80 0 33 9E 0 0 15  78 78 78 78 78 78  78 78 78 78 78 78  xxxxxxxxxxxx  C344 
80 0 33 9F 0 0 15  78 78 78 00 33 34  78 78 78 78 78 78  xxx.34xxxxxx  95F9 
80 0 34 A0 0 0  8  78 78 78 78 78 78  78 78 78 78 78 78  xxxxxxxxxxxx  515D 
80 0 34 A1 0 0 15  78 78 78 78 78 78  78 78 78 78 78 78  xxxxxxxxxxxx  E034 
80 0 34 A2 0 0 15  78 78 78 78 78 78  78 78 78 78 78 78  xxxxxxxxxxxx  6D97 
80 0 34 A3 0 0 15  78 78 78 78 78 78  78 78 78 78 78 78  xxxxxxxxxxxx  16F6 
80 0 34 A4 0 0 15  78 78 78 78 78 78  78 78 78 78 78 78  xxxxxxxxxxxx  66F0 
80 0 34 A5 0 0 15  78 78 78 78 78 78  78 78 78 78 78 78  xxxxxxxxxxxx  1D91 
80 0 34 A6 0 0 15  78 78 78 78 78 78  78 78 78 78 78 78  xxxxxxxxxxxx  9032 
80 0 34 A7 0 0 15  78 78 78 78 78 78  78 78 78 78 78 78  xxxxxxxxxxxx  EB53 
80 0 34 A8 0 0 15  78 78 78 78 78 78  78 78 78 78 78 78  xxxxxxxxxxxx  703E 
80 0 34 A9 0 0 15  78 78 78 78 78 78  78 78 78 78 78 78  xxxxxxxxxxxx  0B5F 
80 0 34 AA 0 0 15  78 78 78 78 78 78  78 78 78 78 78 78  xxxxxxxxxxxx  86FC 
80 0 34 AB 0 0 15  78 78 78 78 78 78  78 78 78 78 00 33  xxxxxxxxxx.3  85C2 
80 0 35 AC 0 0  1  35 78 78 78 78 78  78 78 78 78 78 78  5xxxxxxxxxxx  6F1F 
80 0 35 AD 0 0 13  78 78 78 78 78 78  78 78 78 78 78 78  xxxxxxxxxxxx  D2C0 
80 0 35 AE 0 0 15  78 78 78 78 78 78  78 78 78 78 78 78  xxxxxxxxxxxx  D5A5 
80 0 35 AF 0 0 15  78 78 78 78 78 78  78 78 78 78 78 78  xxxxxxxxxxxx  AEC4 
80 0 35 B0 0 0 15  78 78 78 78 78 78  78 78 78 78 78 78  xxxxxxxxxxxx  F35E 
80 0 35 B1 0 0 15  78 78 78 78 78 78  78 78 78 78 78 78  xxxxxxxxxxxx  883F 
80 0 35 B2 0 0 15  78 78 78 78 78 78  78 78 78 78 78 78  xxxxxxxxxxxx  059C 
80 0 35 B3 0 0 15  78 78 78 78 78 78  78 78 78 78 78 78  xxxxxxxxxxxx  7EFD 
80 0 35 B4 0 0 15  78 78 78 78 78 78  78 78 78 78 78 78  xxxxxxxxxxxx  0EFB 
80 0 35 B5 0 0 15  78 78 78 78 78 78  78 78 78 78 78 78  xxxxxxxxxxxx  759A 
80 0 35 B6 0 0 15  78 78 78 78 78 78  78 78 78 78 78 78  xxxxxxxxxxxx  F839 
80 0 35 B7 0 0 15  78 78 78 78 78 78  78 78 78 78 78 78  xxxxxxxxxxxx  8358 
80 0 35 B8 0 0 15  78 78 78 78 78 00  33 36 78 78 78 78  xxxxx.36xxxx  788B 
80 0 36 B9 0 0  6  78 78 78 78 78 78  78 78 78 78 78 78  xxxxxxxxxxxx  55FA 
80 0 36 BA 0 0 15  78 78 78 78 78 78  78 78 78 78 78 78  xxxxxxxxxxxx  9660 
80 0 36 BB 0 0 15  78 78 78 78 78 78  78 78 78 78 78 78  xxxxxxxxxxxx  ED01 
80 0 36 BC 0 0 15  78 78 78 78 78 78  78 78 78 78 78 78  xxxxxxxxxxxx  9D07 
80 0 36 BD 0 0 15  78 78 78 78 78 78  78 78 78 78 78 78  xxxxxxxxxxxx  E666 
80 0 36 BE 0 0 15  78 78 78 78 78 78  78 78 78 78 78 78  xxxxxxxxxxxx  6BC5 
80 0 36 BF 0 0 15  78 78 78 78 78 78  78 78 78 78 78 78  xxxxxxxxxxxx  10A4 
80 0 36 C0 0 0 15  78 78 78 78 78 78  78 78 78 78 78 78  xxxxxxxxxxxx  FB4E 
80 0 36 C1 0 0 15  78 78 78 78 78 78  78 78 78 78 78 78  xxxxxxxxxxxx  802F 
80 0 36 C2 0 0 15  78 78 78 78 78 78  78 78 78 78 78 78  xxxxxxxxxxxx  0D8C 
80 0 36 C3 0 0 15  78 78 78 78 78 78  78 78 78 78 78 78  xxxxxxxxxxxx  76ED 
80 0 36 C4 0 0 15  78 78 78 78 78 78  78 78 78 78 78 78  xxxxxxxxxxxx  06EB 
80 0 36 C5 0 0 15  00 33 37 78 78 78  78 78 78 78 78 78  .37xxxxxxxxx  5898 
80 0 37 C6 0 0 11  78 78 78 78 78 78  78 78 78 78 78 78  xxxxxxxxxxxx  5B78 
80 0 37 C7 0 0 15  78 78 78 78 78 78  78 78 78 78 78 78  xxxxxxxxxxxx  25B4 
80 0 37 C8 0 0 15  78 78 78 78 78 78  78 78 78 78 78 78  xxxxxxxxxxxx  BED9 
80 0 37 C9 0 0 15  78 78 78 78 78 78  78 78 78 78 78 78  xxxxxxxxxxxx  C5B8 
80 0 37 CA 0 0 15  78 78 78 78 78 78  78 78 78 78 78 78  xxxxxxxxxxxx  481B 
80 0 37 CB 0 0 15  78 78 78 78 78 78  78 78 78 78 78 78  xxxxxxxxxxxx  337A 
80 0 37 CC 0 0 15  78 78 78 78 78 78  78 78 78 78 78 78  xxxxxxxxxxxx  437C 
80 0 37 CD 0 0 15  78 78 78 78 78 78  78 78 78 78 78 78  xxxxxxxxxxxx  381D 
80 0 37 CE 0 0 15  78 78 78 78 78 78  78 78 78 78 78 78  xxxxxxxxxxxx  B5BE 
80 0 37 CF 0 0 15  78 78 78 78 78 78  78 78 78 78 78 78  xxxxxxxxxxxx  CEDF 
80 0 37 D0 0 0 15  78 78 78 78 78 78  78 78 78 78 78 78  xxxxxxxxxxxx  9345 
80 0 37 D1 0 0 15  78 78 78 78 78 78  78 00 33 38 78 78  xxxxxxx.38xx  9AA1 
80 0 38 D2 0 0  4  78 78 78 78 78 78  78 78 78 78 78 78  xxxxxxxxxxxx  425D 
80 0 38 D3 0 0 15  78 78 78 78 78 78  78 78 78 78 78 78  xxxxxxxxxxxx  FDC3 
80 0 38 D4 0 0 15  78 78 78 78 78 78  78 78 78 78 78 78  xxxxxxxxxxxx  8DC5 
80 0 38 D5 0 0 15  78 78 78 78 78 78  78 78 78 78 78 78  xxxxxxxxxxxx  F6A4 
80 0 38 D6 0 0 15  78 78 78 78 78 78  78 78 78 78 78 78  xxxxxxxxxxxx  7B07 
80 0 38 D7 0 0 15  78 78 78 78 78 78  78 78 78 78 78 78  xxxxxxxxxxxx  0066 
80 0 38 D8 0 0 15  78 78 78 78 78 78  78 78 78 78 78 78  xxxxxxxxxxxx  9B0B 
80 0 38 D9 0 0 15  78 78 78 78 78 78  78 78 78 78 78 78  xxxxxxxxxxxx  E06A 
80 0 38 DA 0 0 15  78 78 78 78 78 78  78 78 78 78 78 78  xxxxxxxxxxxx  6DC9 
80 0 38 DB 0 0 15  78 78 78 78 78 78  78 78 78 78 78 78  xxxxxxxxxxxx  16A8 
80 0 38 DC 0 0 15  78 78 78 78 78 78  78 78 78 78 78 78  xxxxxxxxxxxx  66AE 
80 0 38 DD 0 0 15  78 78 78 78 78 78  78 78 78 78 78 78  xxxxxxxxxxxx  1DCF 
80 0 38 DE 0 0 15  78 78 00 33 39 78  78 78 78 78 78 78  xx.39xxxxxxx  EFC7 
80 0 39 DF 0 0  9  78 78 78 78 78 78  78 78 78 78 78 78  xxxxxxxxxxxx  CA9A 
80 0 39 E0 0 0 15  78 78 78 78 78 78  78 78 78 78 78 78  xxxxxxxxxxxx  85A4 
80 0 39 E1 0 0 15  78 78 78 78 78 78  78 78 78 78 78 78  xxxxxxxxxxxx  FEC5 
80 0 39 E2 0 0 15  78 78 78 78 78 78  78 78 78 78 78 78  xxxxxxxxxxxx  7366 
80 0 39 E3 0 0 15  78 78 78 78 78 78  78 78 78 78 78 78  xxxxxxxxxxxx  0807 
80 0 39 E4 0 0 15  78 78 78 78 78 78  78 78 78 78 78 78  xxxxxxxxxxxx  7801 
80 0 39 E5 0 0 15  78 78 78 78 78 78  78 78 78 78 78 78  xxxxxxxxxxxx  0360 
80 0 39 E6 0 0 15  78 78 78 78 78 78  78 78 78 78 78 78  xxxxxxxxxxxx  8EC3 
80 0 39 E7 0 0 15  78 78 78 78 78 78  78 78 78 78 78 78  xxxxxxxxxxxx  F5A2 
80 0 39 E8 0 0 15  78 78 78 78 78 78  78 78 78 78 78 78  xxxxxxxxxxxx  6ECF 
80 0 39 E9 0 0 15  78 78 78 78 78 78  78 78 78 78 78 78  xxxxxxxxxxxx  15AE 
80 0 39 EA 0 0 15  78 78 78 78 78 78  78 78 78 00 34 30  xxxxxxxxx.40  68C9 
80 0 40 EB 0 0  2  78 78 78 78 78 78  78 78 78 78 78 78  xxxxxxxxxxxx  F72A 
80 0 40 EC 0 0 14  78 78 78 78 78 78  78 78 78 78 78 78  xxxxxxxxxxxx  89DB 
80 0 40 ED 0 0 15  78 78 78 78 78 78  78 78 78 78 78 78  xxxxxxxxxxxx  B7D9 
80 0 40 EE 0 0 15  78 78 78 78 78 78  78 78 78 78 78 78  xxxxxxxxxxxx  3A7A 
80 0 40 EF 0 0 15  78 78 78 78 78 78  78 78 78 78 78 78  xxxxxxxxxxxx  411B 
80 0 40 F0 0 0 15  78 78 78 78 78 78  78 78 78 78 78 78  xxxxxxxxxxxx  1C81 
80 0 40 F1 0 0 15  78 78 78 78 78 78  78 78 78 78 78 78  xxxxxxxxxxxx  67E0 
80 0 40 F2 0 0 15  78 78 78 78 78 78  78 78 78 78 78 78  xxxxxxxxxxxx  EA43 
80 0 40 F3 0 0 15  78 78 78 78 78 78  78 78 78 78 78 78  xxxxxxxxxxxx  9122 
80 0 40 F4 0 0 15  78 78 78 78 78 78  78 78 78 78 78 78  xxxxxxxxxxxx  E124 
80 0 40 F5 0 0 15  78 78 78 78 78 78  78 78 78 78 78 78  xxxxxxxxxxxx  9A45 
80 0 40 F6 0 0 15  78 78 78 78 78 78  78 78 78 78 78 78  xxxxxxxxxxxx  17E6 
80 0 40 F7 0 0 15  78 78 78 78 00 34  31 78 78 78 78 78  xxxx.41xxxxx  6F24 
80 0 41 F8 0 0  7  78 78 78 78 78 78  78 78 78 78 78 78  xxxxxxxxxxxx  524C 
80 0 41 F9 0 0 15  78 78 78 78 78 78  78 78 78 78 78 78  xxxxxxxxxxxx  2277 
80 0 41 FA 0 0 15  78 78 78 78 78 78  78 78 78 78 78 78  xxxxxxxxxxxx  AFD4 
80 0 41 FB 0 0 15  78 78 78 78 78 78  78 78 78 78 78 78  xxxxxxxxxxxx  D4B5 
80 0 41 FC 0 0 15  78 78 78 78 78 78  78 78 78 78 78 78  xxxxxxxxxxxx  A4B3 
80 0 41 FD 0 0 15  78 78 78 78 78 78  78 78 78 78 78 78  xxxxxxxxxxxx  DFD2 
80 0 41 FE 0 0 15  78 78 78 78 78 78  78 78 78 78 78 78  xxxxxxxxxxxx  5271 
80 0 41 FF 0 0 15  78 78 78 78 78 78  78 78 78 78 78 78  xxxxxxxxxxxx  2910 
80 0 41 00 0 0 15  78 78 78 78 78 78  78 78 78 78 78 78  xxxxxxxxxxxx  9584 
80 0 41 01 0 0 15  78 78 78 78 78 78  78 78 78 78 78 78  xxxxxxxxxxxx  EEE5 
80 0 41 02 0 0 15  78 78 78 78 78 78  78 78 78 78 78 78  xxxxxxxxxxxx  6346 
80 0 41 03 0 0 15  78 78 78 78 78 78  78 78 78 78 78 00  xxxxxxxxxxx.  E7B8 
80 0 42 04 0 0  0  34 32 78 78 78 78  78 78 78 78 78 78  42xxxxxxxxxx  C782 
80 0 42 05 0 0 12  78 78 78 78 78 78  78 78 78 78 78 78  xxxxxxxxxxxx  3FC0 
80 0 42 06 0 0 15  78 78 78 78 78 78  78 78 78 78 78 78  xxxxxxxxxxxx  7DC6 
80 0 42 07 0 0 15  78 78 78 78 78 78  78 78 78 78 78 78  xxxxxxxxxxxx  06A7 
80 0 42 08 0 0 15  78 78 78 78 78 78  78 78 78 78 78 78  xxxxxxxxxxxx  9DCA 
80 0 42 09 0 0 15  78 78 78 78 78 78  78 78 78 78 78 78  xxxxxxxxxxxx  E6AB 
80 0 42 0A 0 0 15  78 78 78 78 78 78  78 78 78 78 78 78  xxxxxxxxxxxx  6B08 
80 0 42 0B 0 0 15  78 78 78 78 78 78  78 78 78 78 78 78  xxxxxxxxxxxx  1069 
80 0 42 0C 0 0 15  78 78 78 78 78 78  78 78 78 78 78 78  xxxxxxxxxxxx  606F 
80 0 42 0D 0 0 15  78 78 78 78 78 78  78 78 78 78 78 78  xxxxxxxxxxxx  1B0E 
80 0 42 0E 0 0 15  78 78 78 78 78 78  78 78 78 78 78 78  xxxxxxxxxxxx  96AD 
80 0 42 0F 0 0 15  78 78 78 78 78 78  78 78 78 78 78 78  xxxxxxxxxxxx  EDCC 
80 0 42 10 0 0 15  78 78 78 78 78 78  00 34 33 78 78 78  xxxxxx.43xxx  1248 
80 0 43 11 0 0  5  78 78 78 78 78 78  78 78 78 78 78 78  xxxxxxxxxxxx  E457 
80 0 43 12 0 0 15  78 78 78 78 78 78  78 78 78 78 78 78  xxxxxxxxxxxx  E868 
80 0 43 13 0 0 15  78 78 78 78 78 78  78 78 78 78 78 78  xxxxxxxxxxxx  9309 
80 0 43 14 0 0 15  78 78 78 78 78 78  78 78 78 78 78 78  xxxxxxxxxxxx  E30F 
80 0 43 15 0 0 15  78 78 78 78 78 78  78 78 78 78 78 78  xxxxxxxxxxxx  986E 
80 0 43 16 0 0 15  78 78 78 78 78 78  78 78 78 78 78 78  xxxxxxxxxxxx  15CD 
80 0 43 17 0 0 15  78 78 78 78 78 78  78 78 78 78 78 78  xxxxxxxxxxxx  6EAC 
80 0 43 18 0 0 15  78 78 78 78 78 78  78 78 78 78 78 78  xxxxxxxxxxxx  F5C1 
80 0 43 19 0 0 15  78 78 78 78 78 78  78 78 78 78 78 78  xxxxxxxxxxxx  8EA0 
80 0 43 1A 0 0 15  78 78 78 78 78 78  78 78 78 78 78 78  xxxxxxxxxxxx  0303 
80 0 43 1B 0 0 15  78 78 78 78 78 78  78 78 78 78 78 78  xxxxxxxxxxxx  7862 
80 0 43 1C 0 0 15  78 78 78 78 78 78  78 78 78 78 78 78  xxxxxxxxxxxx  0864 
80 0 43 1D 0 0 15  78 00 34 34 78 78  78 78 78 78 78 78  x.44xxxxxxxx  15B4 
80 0 44 1E 0 0 10  78 78 78 78 78 78  78 78 78 78 78 78  xxxxxxxxxxxx  C6FF 
80 0 44 1F 0 0 15  78 78 78 78 78 78  78 78 78 78 78 78  xxxxxxxxxxxx  FD50 
80 0 44 20 0 0 15  78 78 78 78 78 78  78 78 78 78 78 78  xxxxxxxxxxxx  3D05 
80 0 44 21 0 0 15  78 78 78 78 78 78  78 78 78 78 78 78  xxxxxxxxxxxx  4664 
80 0 44 22 0 0 15  78 78 78 78 78 78  78 78 78 78 78 78  xxxxxxxxxxxx  CBC7 
80 0 44 23 0 0 15  78 78 78 78 78 78  78 78 78 78 78 78  xxxxxxxxxxxx  B0A6 
80 0 44 24 0 0 15  78 78 78 78 78 78  78 78 78 78 78 78  xxxxxxxxxxxx  C0A0 
80 0 44 25 0 0 15  78 78 78 78 78 78  78 78 78 78 78 78  xxxxxxxxxxxx  BBC1 
80 0 44 26 0 0 15  78 78 78 78 78 78  78 78 78 78 78 78  xxxxxxxxxxxx  3662 
80 0 44 27 0 0 15  78 78 78 78 78 78  78 78 78 78 78 78  xxxxxxxxxxxx  4D03 
80 0 44 28 0 0 15  78 78 78 78 78 78  78 78 78 78 78 78  xxxxxxxxxxxx  D66E 
80 0 44 29 0 0 15  78 78 78 78 78 78  78 78 00 34 35 78  xxxxxxxx.45x  79E5 
80 0 45 2A 0 0  3  78 78 78 78 78 78  78 78 78 78 78 78  xxxxxxxxxxxx  80A7 
80 0 45 2B 0 0 15  78 78 78 78 78 78  78 78 78 78 78 78  xxxxxxxxxxxx  F531 
80 0 45 2C 0 0 15  78 78 78 78 78 78  78 78 78 78 78 78  xxxxxxxxxxxx  8537 
80 0 45 2D 0 0 15  78 78 78 78 78 78  78 78 78 78 78 78  xxxxxxxxxxxx  FE56 
80 0 45 2E 0 0 15  78 78 78 78 78 78  78 78 78 78 78 78  xxxxxxxxxxxx  73F5 
80 0 45 2F 0 0 15  78 78 78 78 78 78  78 78 78 78 78 78  xxxxxxxxxxxx  0894 
80 0 45 30 0 0 15  78 78 78 78 78 78  78 78 78 78 78 78  xxxxxxxxxxxx  550E 
80 0 45 31 0 0 15  78 78 78 78 78 78  78 78 78 78 78 78  xxxxxxxxxxxx  2E6F 
80 0 45 32 0 0 15  78 78 78 78 78 78  78 78 78 78 78 78  xxxxxxxxxxxx  A3CC 
80 0 45 33 0 0 15  78 78 78 78 78 78  78 78 78 78 78 78  xxxxxxxxxxxx  D8AD 
80 0 45 34 0 0 15  78 78 78 78 78 78  78 78 78 78 78 78  xxxxxxxxxxxx  A8AB 
80 0 45 35 0 0 15  78 78 78 78 78 78  78 78 78 78 78 78  xxxxxxxxxxxx  D3CA 
80 0 45 36 0 0 15  78 78 78 00 34 36  78 78 78 78 78 78  xxx.46xxxxxx  D44E 
80 0 46 37 0 0  8  78 78 78 78 78 78  78 78 78 78 78 78  xxxxxxxxxxxx  0C25 
80 0 46 38 0 0 15  78 78 78 78 78 78  78 78 78 78 78 78  xxxxxxxxxxxx  5D40 
80 0 46 39 0 0 15  78 78 78 78 78 78  78 78 78 78 78 78  xxxxxxxxxxxx  2621 
80 0 46 3A 0 0 15  78 78 78 78 78 78  78 78 78 78 78 78  xxxxxxxxxxxx  AB82 
80 0 46 3B 0 0 15  78 78 78 78 78 78  78 78 78 78 78 78  xxxxxxxxxxxx  D0E3 
80 0 46 3C 0 0 15  78 78 78 78 78 78  78 78 78 78 78 78  xxxxxxxxxxxx  A0E5 
80 0 46 3D 0 0 15  78 78 78 78 78 78  78 78 78 78 78 78  xxxxxxxxxxxx  DB84 
80 0 46 3E 0 0 15  78 78 78 78 78 78  78 78 78 78 78 78  xxxxxxxxxxxx  5627 
80 0 46 3F 0 0 15  78 78 78 78 78 78  78 78 78 78 78 78  xxxxxxxxxxxx  2D46 
80 0 46 40 0 0 15  78 78 78 78 78 78  78 78 78 78 78 78  xxxxxxxxxxxx  C6AC 
80 0 46 41 0 0 15  78 78 78 78 78 78  78 78 78 78 78 78  xxxxxxxxxxxx  BDCD 
80 0 46 42 0 0 15  78 78 78 78 78 78  78 78 78 78 00 34  xxxxxxxxxx.4  38D6 
80 0 47 43 0 0  1  37 78 78 78 78 78  78 78 78 78 78 78  7xxxxxxxxxxx  AF61 
80 0 47 44 0 0 13  78 78 78 78 78 78  78 78 78 78 78 78  xxxxxxxxxxxx  1F33 
80 0 47 45 0 0 15  78 78 78 78 78 78  78 78 78 78 78 78  xxxxxxxxxxxx  EE94 
80 0 47 46 0 0 15  78 78 78 78 78 78  78 78 78 78 78 78  xxxxxxxxxxxx  6337 
80 0 47 47 0 0 15  78 78 78 78 78 78  78 78 78 78 78 78  xxxxxxxxxxxx  1856 
80 0 47 48 0 0 15  78 78 78 78 78 78  78 78 78 78 78 78  xxxxxxxxxxxx  833B 
80 0 47 49 0 0 15  78 78 78 78 78 78  78 78 78 78 78 78  xxxxxxxxxxxx  F85A 
80 0 47 4A 0 0 15  78 78 78 78 78 78  78 78 78 78 78 78  xxxxxxxxxxxx  75F9 
80 0 47 4B 0 0 15  78 78 78 78 78 78  78 78 78 78 78 78  xxxxxxxxxxxx  0E98 
80 0 47 4C 0 0 15  78 78 78 78 78 78  78 78 78 78 78 78  xxxxxxxxxxxx  7E9E 
80 0 47 4D 0 0 15  78 78 78 78 78 78  78 78 78 78 78 78  xxxxxxxxxxxx  05FF 
80 0 47 4E 0 0 15  78 78 78 78 78 78  78 78 78 78 78 78  xxxxxxxxxxxx  885C 
80 0 47 4F 0 0 15  78 78 78 78 78 00  34 38 78 78 78 78  xxxxx.48xxxx  946A 
80 0 48 50 0 0  6  78 78 78 78 78 78  78 78 78 78 78 78  xxxxxxxxxxxx  F1C6 
80 0 48 51 0 0 15  78 78 78 78 78 78  78 78 78 78 78 78  xxxxxxxxxxxx  C49E 
80 0 48 52 0 0 15  78 78 78 78 78 78  78 78 78 78 78 78  xxxxxxxxxxxx  493D 
80 0 48 53 0 0 15  78 78 78 78 78 78  78 78 78 78 78 78  xxxxxxxxxxxx  325C 
80 0 48 54 0 0 15  78 78 78 78 78 78  78 78 78 78 78 78  xxxxxxxxxxxx  425A 
80 0 48 55 0 0 15  78 78 78 78 78 78  78 78 78 78 78 78  xxxxxxxxxxxx  393B 
80 0 48 56 0 0 15  78 78 78 78 78 78  78 78 78 78 78 78  xxxxxxxxxxxx  B498 
80 0 48 57 0 0 15  78 78 78 78 78 78  78 78 78 78 78 78  xxxxxxxxxxxx  CFF9 
80 0 48 58 0 0 15  78 78 78 78 78 78  78 78 78 78 78 78  xxxxxxxxxxxx  5494 
80 0 48 59 0 0 15  78 78 78 78 78 78  78 78 78 78 78 78  xxxxxxxxxxxx  2FF5 
80 0 48 5A 0 0 15  78 78 78 78 78 78  78 78 78 78 78 78  xxxxxxxxxxxx  A256 
80 0 48 5B 0 0 15  78 78 78 78 78 78  78 78 78 78 78 78  xxxxxxxxxxxx  D937 
80 0 48 5C 0 0 15  00 34 39 78 78 78  78 78 78 78 78 78  .49xxxxxxxxx  9C6A 
80 0 49 5D 0 0 11  78 78 78 78 78 78  78 78 78 78 78 78  xxxxxxxxxxxx  7901 
80 0 49 5E 0 0 15  78 78 78 78 78 78  78 78 78 78 78 78  xxxxxxxxxxxx  F10F 
80 0 49 5F 0 0 15  78 78 78 78 78 78  78 78 78 78 78 78  xxxxxxxxxxxx  8A6E 
80 0 49 60 0 0 15  78 78 78 78 78 78  78 78 78 78 78 78  xxxxxxxxxxxx  4A3B 
80 0 49 61 0 0 15  78 78 78 78 78 78  78 78 78 78 78 78  xxxxxxxxxxxx  315A 
80 0 49 62 0 0 15  78 78 78 78 78 78  78 78 78 78 78 78  xxxxxxxxxxxx  BCF9 
80 0 49 63 0 0 15  78 78 78 78 78 78  78 78 78 78 78 78  xxxxxxxxxxxx  C798 
80 0 49 64 0 0 15  78 78 78 78 78 78  78 78 78 78 78 78  xxxxxxxxxxxx  B79E 
80 0 49 65 0 0 15  78 78 78 78 78 78  78 78 78 78 78 78  xxxxxxxxxxxx  CCFF 
80 0 49 66 0 0 15  78 78 78 78 78 78  78 78 78 78 78 78  xxxxxxxxxxxx  415C 
80 0 49 67 0 0 15  78 78 78 78 78 78  78 78 78 78 78 78  xxxxxxxxxxxx  3A3D 
80 0 49 68 0 0 15  78 78 78 78 78 78  78 00 35 30 78 78  xxxxxxx.50xx  5DED 
80 0 50 69 0 0  4  78 78 78 78 78 78  78 78 78 78 78 78  xxxxxxxxxxxx  FDEB 
80 0 50 6A 0 0 15  78 78 78 78 78 78  78 78 78 78 78 78  xxxxxxxxxxxx  B4B7 
80 0 50 6B 0 0 15  78 78 78 78 78 78  78 78 78 78 78 78  xxxxxxxxxxxx  CFD6 
80 0 50 6C 0 0 15  78 78 78 78 78 78  78 78 78 78 78 78  xxxxxxxxxxxx  BFD0 
80 0 50 6D 0 0 15  78 78 78 78 78 78  78 78 78 78 78 78  xxxxxxxxxxxx  C4B1 
80 0 50 6E 0 0 15  78 78 78 78 78 78  78 78 78 78 78 78  xxxxxxxxxxxx  4912 
80 0 50 6F 0 0 15  78 78 78 78 78 78  78 78 78 78 78 78  xxxxxxxxxxxx  3273 
80 0 50 70 0 0 15  78 78 78 78 78 78  78 78 78 78 78 78  xxxxxxxxxxxx  6FE9 
80 0 50 71 0 0 15  78 78 78 78 78 78  78 78 78 78 78 78  xxxxxxxxxxxx  1488 
80 0 50 72 0 0 15  78 78 78 78 78 78  78 78 78 78 78 78  xxxxxxxxxxxx  992B 
80 0 50 73 0 0 15  78 78 78 78 78 78  78 78 78 78 78 78  xxxxxxxxxxxx  E24A 
80 0 50 74 0 0 15  78 78 78 78 78 78  78 78 78 78 78 78  xxxxxxxxxxxx  924C 
80 0 50 75 0 0 15  78 78 00 35 31 78  78 78 78 78 78 78  xx.51xxxxxxx  D2D4 
80 0 51 76 0 0  9  78 78 78 78 78 78  78 78 78 78 78 78  xxxxxxxxxxxx  4519 
80 0 51 77 0 0 15  78 78 78 78 78 78  78 78 78 78 78 78  xxxxxxxxxxxx  B113 
80 0 51 78 0 0 15  78 78 78 78 78 78  78 78 78 78 78 78  xxxxxxxxxxxx  2A7E 
80 0 51 79 0 0 15  78 78 78 78 78 78  78 78 78 78 78 78  xxxxxxxxxxxx  511F 
80 0 51 7A 0 0 15  78 78 78 78 78 78  78 78 78 78 78 78  xxxxxxxxxxxx  DCBC 
80 0 51 7B 0 0 15  78 78 78 78 78 78  78 78 78 78 78 78  xxxxxxxxxxxx  A7DD 
80 0 51 7C 0 0 15  78 78 78 78 78 78  78 78 78 78 78 78  xxxxxxxxxxxx  D7DB 
80 0 51 7D 0 0 15  78 78 78 78 78 78  78 78 78 78 78 78  xxxxxxxxxxxx  ACBA 
80 0 51 7E 0 0 15  78 78 78 78 78 78  78 78 78 78 78 78  xxxxxxxxxxxx  2119 
80 0 51 7F 0 0 15  78 78 78 78 78 78  78 78 78 78 78 78  xxxxxxxxxxxx  5A78 
80 0 51 80 0 0 15  78 78 78 78 78 78  78 78 78 78 78 78  xxxxxxxxxxxx  E6EC 
80 0 51 81 0 0 15  78 78 78 78 78 78  78 78 78 00 35 32  xxxxxxxxx.52  7E3A 
80 0 52 82 0 0  2  78 78 78 78 78 78  78 78 78 78 78 78  xxxxxxxxxxxx  232D 
80 0 52 83 0 0 14  78 78 78 78 78 78  78 78 78 78 78 78  xxxxxxxxxxxx  56BB 
80 0 52 84 0 0 15  78 78 78 78 78 78  78 78 78 78 78 78  xxxxxxxxxxxx  63DE 
80 0 52 85 0 0 15  78 78 78 78 78 78  78 78 78 78 78 78  xxxxxxxxxxxx  18BF 
80 0 52 86 0 0 15  78 78 78 78 78 78  78 78 78 78 78 78  xxxxxxxxxxxx  951C 
80 0 52 87 0 0 15  78 78 78 78 78 78  78 78 78 78 78 78  xxxxxxxxxxxx  EE7D 
80 0 52 88 0 0 15  78 78 78 78 78 78  78 78 78 78 78 78  xxxxxxxxxxxx  7510 
80 0 52 89 0 0 15  78 78 78 78 78 78  78 78 78 78 78 78  xxxxxxxxxxxx  0E71 
80 0 52 8A 0 0 15  78 78 78 78 78 78  78 78 78 78 78 78  xxxxxxxxxxxx  83D2 
80 0 52 8B 0 0 15  78 78 78 78 78 78  78 78 78 78 78 78  xxxxxxxxxxxx  F8B3 
80 0 52 8C 0 0 15  78 78 78 78 78 78  78 78 78 78 78 78  xxxxxxxxxxxx  88B5 
80 0 52 8D 0 0 15  78 78 78 78 78 78  78 78 78 78 78 78  xxxxxxxxxxxx  F3D4 
80 0 52 8E 0 0 15  78 78 78 78 00 35  33 78 78 78 78 78  xxxx.53xxxxx  4EF5 
80 0 53 8F 0 0  7  78 78 78 78 78 78  78 78 78 78 78 78  xxxxxxxxxxxx  A0B0 
80 0 53 90 0 0 15  78 78 78 78 78 78  78 78 78 78 78 78  xxxxxxxxxxxx  F670 
80 0 53 91 0 0 15  78 78 78 78 78 78  78 78 78 78 78 78  xxxxxxxxxxxx  8D11 
80 0 53 92 0 0 15  78 78 78 78 78 78  78 78 78 78 78 78  xxxxxxxxxxxx  00B2 
80 0 53 93 0 0 15  78 78 78 78 78 78  78 78 78 78 78 78  xxxxxxxxxxxx  7BD3 
80 0 53 94 0 0 15  78 78 78 78 78 78  78 78 78 78 78 78  xxxxxxxxxxxx  0BD5 
80 0 53 95 0 0 15  78 78 78 78 78 78  78 78 78 78 78 78  xxxxxxxxxxxx  70B4 
80 0 53 96 0 0 15  78 78 78 78 78 78  78 78 78 78 78 78  xxxxxxxxxxxx  FD17 
80 0 53 97 0 0 15  78 78 78 78 78 78  78 78 78 78 78 78  xxxxxxxxxxxx  8676 
80 0 53 98 0 0 15  78 78 78 78 78 78  78 78 78 78 78 78  xxxxxxxxxxxx  1D1B 
80 0 53 99 0 0 15  78 78 78 78 78 78  78 78 78 78 78 78  xxxxxxxxxxxx  667A 
80 0 53 9A 0 0 15  78 78 78 78 78 78  78 78 78 78 78 00  xxxxxxxxxxx.  1446 
80 0 54 9B 0 0  0  35 34 78 78 78 78  78 78 78 78 78 78  54xxxxxxxxxx  CD9A 
80 0 54 9C 0 0 12  78 78 78 78 78 78  78 78 78 78 78 78  xxxxxxxxxxxx  CC3E 
80 0 54 9D 0 0 15  78 78 78 78 78 78  78 78 78 78 78 78  xxxxxxxxxxxx  78FA 
80 0 54 9E 0 0 15  78 78 78 78 78 78  78 78 78 78 78 78  xxxxxxxxxxxx  F559 
80 0 54 9F 0 0 15  78 78 78 78 78 78  78 78 78 78 78 78  xxxxxxxxxxxx  8E38 
80 0 54 A0 0 0 15  78 78 78 78 78 78  78 78 78 78 78 78  xxxxxxxxxxxx  4E6D 
80 0 54 A1 0 0 15  78 78 78 78 78 78  78 78 78 78 78 78  xxxxxxxxxxxx  350C 
80 0 54 A2 0 0 15  78 78 78 78 78 78  78 78 78 78 78 78  xxxxxxxxxxxx  B8AF 
80 0 54 A3 0 0 15  78 78 78 78 78 78  78 78 78 78 78 78  xxxxxxxxxxxx  C3CE 
80 0 54 A4 0 0 15  78 78 78 78 78 78  78 78 78 78 78 78  xxxxxxxxxxxx  B3C8 
80 0 54 A5 0 0 15  78 78 78 78 78 78  78 78 78 78 78 78  xxxxxxxxxxxx  C8A9 
80 0 54 A6 0 0 15  78 78 78 78 78 78  78 78 78 78 78 78  xxxxxxxxxxxx  450A 
80 0 54 A7 0 0 15  78 78 78 78 78 78  00 35 35 78 78 78  xxxxxx.55xxx  11BD 
80 0 55 A8 0 0  5  78 78 78 78 78 78  78 78 78 78 78 78  xxxxxxxxxxxx  8A66 
80 0 55 A9 0 0 15  78 78 78 78 78 78  78 78 78 78 78 78  xxxxxxxxxxxx  709B 
80 0 55 AA 0 0 15  78 78 78 78 78 78  78 78 78 78 78 78  xxxxxxxxxxxx  FD38 
80 0 55 AB 0 0 15  78 78 78 78 78 78  78 78 78 78 78 78  xxxxxxxxxxxx  8659 
80 0 55 AC 0 0 15  78 78 78 78 78 78  78 78 78 78 78 78  xxxxxxxxxxxx  F65F 
80 0 55 AD 0 0 15  78 78 78 78 78 78  78 78 78 78 78 78  xxxxxxxxxxxx  8D3E 
80 0 55 AE 0 0 15  78 78 78 78 78 78  78 78 78 78 78 78  xxxxxxxxxxxx  009D 
80 0 55 AF 0 0 15  78 78 78 78 78 78  78 78 78 78 78 78  xxxxxxxxxxxx  7BFC 
80 0 55 B0 0 0 15  78 78 78 78 78 78  78 78 78 78 78 78  xxxxxxxxxxxx  2666 
80 0 55 B1 0 0 15  78 78 78 78 78 78  78 78 78 78 78 78  xxxxxxxxxxxx  5D07 
80 0 55 B2 0 0 15  78 78 78 78 78 78  78 78 78 78 78 78  xxxxxxxxxxxx  D0A4 
80 0 55 B3 0 0 15  78 78 78 78 78 78  78 78 78 78 78 78  xxxxxxxxxxxx  ABC5 
80 0 55 B4 0 0 15  78 00 35 36 78 78  78 78 78 78 78 78  x.56xxxxxxxx  1450 
80 0 56 B5 0 0 10  78 78 78 78 78 78  78 78 78 78 78 78  xxxxxxxxxxxx  BFBE 
80 0 56 B6 0 0 15  78 78 78 78 78 78  78 78 78 78 78 78  xxxxxxxxxxxx  72D3 
80 0 56 B7 0 0 15  78 78 78 78 78 78  78 78 78 78 78 78  xxxxxxxxxxxx  09B2 
80 0 56 B8 0 0 15  78 78 78 78 78 78  78 78 78 78 78 78  xxxxxxxxxxxx  92DF 
80 0 56 B9 0 0 15  78 78 78 78 78 78  78 78 78 78 78 78  xxxxxxxxxxxx  E9BE 
80 0 56 BA 0 0 15  78 78 78 78 78 78  78 78 78 78 78 78  xxxxxxxxxxxx  641D 
80 0 56 BB 0 0 15  78 78 78 78 78 78  78 78 78 78 78 78  xxxxxxxxxxxx  1F7C 
80 0 56 BC 0 0 15  78 78 78 78 78 78  78 78 78 78 78 78  xxxxxxxxxxxx  6F7A 
80 0 56 BD 0 0 15  78 78 78 78 78 78  78 78 78 78 78 78  xxxxxxxxxxxx  141B 
80 0 56 BE 0 0 15  78 78 78 78 78 78  78 78 78 78 78 78  xxxxxxxxxxxx  99B8 
80 0 56 BF 0 0 15  78 78 78 78 78 78  78 78 78 78 78 78  xxxxxxxxxxxx  E2D9 
80 0 56 C0 0 0 15  78 78 78 78 78 78  78 78 00 35 37 78  xxxxxxxx.57x  8C8B 
80 0 57 C1 0 0  3  78 78 78 78 78 78  78 78 78 78 78 78  xxxxxxxxxxxx  D259 
80 0 57 C2 0 0 15  78 78 78 78 78 78  78 78 78 78 78 78  xxxxxxxxxxxx  510D 
80 0 57 C3 0 0 15  78 78 78 78 78 78  78 78 78 78 78 78  xxxxxxxxxxxx  2A6C 
80 0 57 C4 0 0 15  78 78 78 78 78 78  78 78 78 78 78 78  xxxxxxxxxxxx  5A6A 
80 0 57 C5 0 0 15  78 78 78 78 78 78  78 78 78 78 78 78  xxxxxxxxxxxx  210B 
80 0 57 C6 0 0 15  78 78 78 78 78 78  78 78 78 78 78 78  xxxxxxxxxxxx  ACA8 
80 0 57 C7 0 0 15  78 78 78 78 78 78  78 78 78 78 78 78  xxxxxxxxxxxx  D7C9 
80 0 57 C8 0 0 15  78 78 78 78 78 78  78 78 78 78 78 78  xxxxxxxxxxxx  4CA4 
80 0 57 C9 0 0 15  78 78 78 78 78 78  78 78 78 78 78 78  xxxxxxxxxxxx  37C5 
80 0 57 CA 0 0 15  78 78 78 78 78 78  78 78 78 78 78 78  xxxxxxxxxxxx  BA66 
80 0 57 CB 0 0 15  78 78 78 78 78 78  78 78 78 78 78 78  xxxxxxxxxxxx  C107 
80 0 57 CC 0 0 15  78 78 78 78 78 78  78 78 78 78 78 78  xxxxxxxxxxxx  B101 
80 0 57 CD 0 0 15  78 78 78 00 35 38  78 78 78 78 78 78  xxx.58xxxxxx  351C 
80 0 58 CE 0 0  8  78 78 78 78 78 78  78 78 78 78 78 78  xxxxxxxxxxxx  6EEE 
80 0 58 CF 0 0 15  78 78 78 78 78 78  78 78 78 78 78 78  xxxxxxxxxxxx  DF87 
80 0 58 D0 0 0 15  78 78 78 78 78 78  78 78 78 78 78 78  xxxxxxxxxxxx  821D 
80 0 58 D1 0 0 15  78 78 78 78 78 78  78 78 78 78 78 78  xxxxxxxxxxxx  F97C 
80 0 58 D2 0 0 15  78 78 78 78 78 78  78 78 78 78 78 78  xxxxxxxxxxxx  74DF 
80 0 58 D3 0 0 15  78 78 78 78 78 78  78 78 78 78 78 78  xxxxxxxxxxxx  0FBE 
80 0 58 D4 0 0 15  78 78 78 78 78 78  78 78 78 78 78 78  xxxxxxxxxxxx  7FB8 
80 0 58 D5 0 0 15  78 78 78 78 78 78  78 78 78 78 78 78  xxxxxxxxxxxx  04D9 
80 0 58 D6 0 0 15  78 78 78 78 78 78  78 78 78 78 78 78  xxxxxxxxxxxx  897A 
80 0 58 D7 0 0 15  78 78 78 78 78 78  78 78 78 78 78 78  xxxxxxxxxxxx  F21B 
80 0 58 D8 0 0 15  78 78 78 78 78 78  78 78 78 78 78 78  xxxxxxxxxxxx  6976 
80 0 58 D9 0 0 15  78 78 78 78 78 78  78 78 78 78 00 35  xxxxxxxxxx.5  0A8E 
80 0 59 DA 0 0  1  39 78 78 78 78 78  78 78 78 78 78 78  9xxxxxxxxxxx  6B4C 
80 0 59 DB 0 0 13  78 78 78 78 78 78  78 78 78 78 78 78  xxxxxxxxxxxx  C0EF 
80 0 59 DC 0 0 15  78 78 78 78 78 78  78 78 78 78 78 78  xxxxxxxxxxxx  3A2F 
80 0 59 DD 0 0 15  78 78 78 78 78 78  78 78 78 78 78 78  xxxxxxxxxxxx  414E 
80 0 59 DE 0 0 15  78 78 78 78 78 78  78 78 78 78 78 78  xxxxxxxxxxxx  CCED 
80 0 59 DF 0 0 15  78 78 78 78 78 78  78 78 78 78 78 78  xxxxxxxxxxxx  B78C 
80 0 59 E0 0 0 15  78 78 78 78 78 78  78 78 78 78 78 78  xxxxxxxxxxxx  77D9 
80 0 59 E1 0 0 15  78 78 78 78 78 78  78 78 78 78 78 78  xxxxxxxxxxxx  0CB8 
80 0 59 E2 0 0 15  78 78 78 78 78 78  78 78 78 78 78 78  xxxxxxxxxxxx  811B 
80 0 59 E3 0 0 15  78 78 78 78 78 78  78 78 78 78 78 78  xxxxxxxxxxxx  FA7A 
80 0 59 E4 0 0 15  78 78 78 78 78 78  78 78 78 78 78 78  xxxxxxxxxxxx  8A7C 
80 0 59 E5 0 0 15  78 78 78 78 78 78  78 78 78 78 78 78  xxxxxxxxxxxx  F11D 
80 0 59 E6 0 0 15  78 78 78 78 78 00  36 30 78 78 78 78  xxxxx.60xxxx  9284 
80 0 60 E7 0 0  6  78 78 78 78 78 78  78 78 78 78 78 78  xxxxxxxxxxxx  3171 
80 0 60 E8 0 0 15  78 78 78 78 78 78  78 78 78 78 78 78  xxxxxxxxxxxx  E425 
80 0 60 E9 0 0 15  78 78 78 78 78 78  78 78 78 78 78 78  xxxxxxxxxxxx  9F44 
80 0 60 EA 0 0 15  78 78 78 78 78 78  78 78 78 78 78 78  xxxxxxxxxxxx  12E7 
80 0 60 EB 0 0 15  78 78 78 78 78 78  78 78 78 78 78 78  xxxxxxxxxxxx  6986 
80 0 60 EC 0 0 15  78 78 78 78 78 78  78 78 78 78 78 78  xxxxxxxxxxxx  1980 
80 0 60 ED 0 0 15  78 78 78 78 78 78  78 78 78 78 78 78  xxxxxxxxxxxx  62E1 
80 0 60 EE 0 0 15  78 78 78 78 78 78  78 78 78 78 78 78  xxxxxxxxxxxx  EF42 
80 0 60 EF 0 0 15  78 78 78 78 78 78  78 78 78 78 78 78  xxxxxxxxxxxx  9423 
80 0 60 F0 0 0 15  78 78 78 78 78 78  78 78 78 78 78 78  xxxxxxxxxxxx  C9B9 
80 0 60 F1 0 0 15  78 78 78 78 78 78  78 78 78 78 78 78  xxxxxxxxxxxx  B2D8 
80 0 60 F2 0 0 15  78 78 78 78 78 78  78 78 78 78 78 78  xxxxxxxxxxxx  3F7B 
80 0 60 F3 0 0 15  00 36 31 78 78 78  78 78 78 78 78 78  .61xxxxxxxxx  9BB9 
80 0 61 F4 0 0 11  78 78 78 78 78 78  78 78 78 78 78 78  xxxxxxxxxxxx  9F4D 
80 0 61 F5 0 0 15  78 78 78 78 78 78  78 78 78 78 78 78  xxxxxxxxxxxx  E181 
80 0 61 F6 0 0 15  78 78 78 78 78 78  78 78 78 78 78 78  xxxxxxxxxxxx  6C22 
80 0 61 F7 0 0 15  78 78 78 78 78 78  78 78 78 78 78 78  xxxxxxxxxxxx  1743 
80 0 61 F8 0 0 15  78 78 78 78 78 78  78 78 78 78 78 78  xxxxxxxxxxxx  8C2E 
80 0 61 F9 0 0 15  78 78 78 78 78 78  78 78 78 78 78 78  xxxxxxxxxxxx  F74F 
80 0 61 FA 0 0 15  78 78 78 78 78 78  78 78 78 78 78 78  xxxxxxxxxxxx  7AEC 
80 0 61 FB 0 0 15  78 78 78 78 78 78  78 78 78 78 78 78  xxxxxxxxxxxx  018D 
80 0 61 FC 0 0 15  78 78 78 78 78 78  78 78 78 78 78 78  xxxxxxxxxxxx  718B 
80 0 61 FD 0 0 15  78 78 78 78 78 78  78 78 78 78 78 78  xxxxxxxxxxxx  0AEA 
80 0 61 FE 0 0 15  78 78 78 78 78 78  78 78 78 78 78 78  xxxxxxxxxxxx  8749 
80 0 61 FF 0 0 15  78 78 78 78 78 78  78 00 36 32 78 78  xxxxxxx.62xx  F529 
80 0 62 00 0 0  4  78 78 78 78 78 78  78 78 78 78 78 78  xxxxxxxxxxxx  6766 
80 0 62 01 0 0 15  78 78 78 78 78 78  78 78 78 78 78 78  xxxxxxxxxxxx  D8F8 
80 0 62 02 0 0 15  78 78 78 78 78 78  78 78 78 78 78 78  xxxxxxxxxxxx  555B 
80 0 62 03 0 0 15  78 78 78 78 78 78  78 78 78 78 78 78  xxxxxxxxxxxx  2E3A 
80 0 62 04 0 0 15  78 78 78 78 78 78  78 78 78 78 78 78  xxxxxxxxxxxx  5E3C 
80 0 62 05 0 0 15  78 78 78 78 78 78  78 78 78 78 78 78  xxxxxxxxxxxx  255D 
80 0 62 06 0 0 15  78 78 78 78 78 78  78 78 78 78 78 78  xxxxxxxxxxxx  A8FE 
80 0 62 07 0 0 15  78 78 78 78 78 78  78 78 78 78 78 78  xxxxxxxxxxxx  D39F 
80 0 62 08 0 0 15  78 78 78 78 78 78  78 78 78 78 78 78  xxxxxxxxxxxx  48F2 
80 0 62 09 0 0 15  78 78 78 78 78 78  78 78 78 78 78 78  xxxxxxxxxxxx  3393 
80 0 62 0A 0 0 15  78 78 78 78 78 78  78 78 78 78 78 78  xxxxxxxxxxxx  BE30 
80 0 62 0B 0 0 15  78 78 78 78 78 78  78 78 78 78 78 78  xxxxxxxxxxxx  C551 
80 0 62 0C 0 0 15  78 78 00 36 33 78  78 78 78 78 78 78  xx.63xxxxxxx  2C4C 
80 0 63 0D 0 0  9  78 78 78 78 78 78  78 78 78 78 78 78  xxxxxxxxxxxx  EFA1 
80 0 63 0E 0 0 15  78 78 78 78 78 78  78 78 78 78 78 78  xxxxxxxxxxxx  ED69 
80 0 63 0F 0 0 15  78 78 78 78 78 78  78 78 78 78 78 78  xxxxxxxxxxxx  9608 
80 0 63 10 0 0 15  78 78 78 78 78 78  78 78 78 78 78 78  xxxxxxxxxxxx  CB92 
80 0 63 11 0 0 15  78 78 78 78 78 78  78 78 78 78 78 78  xxxxxxxxxxxx  B0F3 
80 0 63 12 0 0 15  78 78 78 78 78 78  78 78 78 78 78 78  xxxxxxxxxxxx  3D50 
80 0 63 13 0 0 15  78 78 78 78 78 78  78 78 78 78 78 78  xxxxxxxxxxxx  4631 
80 0 63 14 0 0 15  78 78 78 78 78 78  78 78 78 78 78 78  xxxxxxxxxxxx  3637 
80 0 63 15 0 0 15  78 78 78 78 78 78  78 78 78 78 78 78  xxxxxxxxxxxx  4D56 
80 0 63 16 0 0 15  78 78 78 78 78 78  78 78 78 78 78 78  xxxxxxxxxxxx  C0F5 
80 0 63 17 0 0 15  78 78 78 78 78 78  78 78 78 78 78 78  xxxxxxxxxxxx  BB94 
80 0 63 18 0 0 15  78 78 78 78 78 78  78 78 78 00 36 34  xxxxxxxxx.64  F6DB 
80 0 64 19 0 0  2  78 78 78 78 78 78  78 78 78 78 78 78  xxxxxxxxxxxx  B649 
80 0 64 1A 0 0 14  78 78 78 78 78 78  78 78 78 78 78 78  xxxxxxxxxxxx  351D 
80 0 64 1B 0 0 15  78 78 78 78 78 78  78 78 78 78 78 78  xxxxxxxxxxxx  0B1F 
80 0 64 1C 0 0 15  78 78 78 78 78 78  78 78 78 78 78 78  xxxxxxxxxxxx  7B19 
80 0 64 1D 0 0 15  78 78 78 78 78 78  78 78 78 78 78 78  xxxxxxxxxxxx  0078 
80 0 64 1E 0 0 15  78 78 78 78 78 78  78 78 78 78 78 78  xxxxxxxxxxxx  8DDB 
80 0 64 1F 0 0 15  78 78 78 78 78 78  78 78 78 78 78 78  xxxxxxxxxxxx  F6BA 
80 0 64 20 0 0 15  78 78 78 78 78 78  78 78 78 78 78 78  xxxxxxxxxxxx  36EF 
80 0 64 21 0 0 15  78 78 78 78 78 78  78 78 78 78 78 78  xxxxxxxxxxxx  4D8E 
80 0 64 22 0 0 15  78 78 78 78 78 78  78 78 78 78 78 78  xxxxxxxxxxxx  C02D 
80 0 64 23 0 0 15  78 78 78 78 78 78  78 78 78 78 78 78  xxxxxxxxxxxx  BB4C 
80 0 64 24 0 0 15  78 78 78 78 78 78  78 78 78 78 78 78  xxxxxxxxxxxx  CB4A 
80 0 64 25 0 0 15  78 78 78 78 00 36  35 78 78 78 78 78  xxxx.65xxxxx  D5CA 
80 0 65 26 0 0  7  78 78 78 78 78 78  78 78 78 78 78 78  xxxxxxxxxxxx  982E 
80 0 65 27 0 0 15  78 78 78 78 78 78  78 78 78 78 78 78  xxxxxxxxxxxx  E815 
80 0 65 28 0 0 15  78 78 78 78 78 78  78 78 78 78 78 78  xxxxxxxxxxxx  7378 
80 0 65 29 0 0 15  78 78 78 78 78 78  78 78 78 78 78 78  xxxxxxxxxxxx  0819 
80 0 65 2A 0 0 15  78 78 78 78 78 78  78 78 78 78 78 78  xxxxxxxxxxxx  85BA 
80 0 65 2B 0 0 15  78 78 78 78 78 78  78 78 78 78 78 78  xxxxxxxxxxxx  FEDB 
80 0 65 2C 0 0 15  78 78 78 78 78 78  78 78 78 78 78 78  xxxxxxxxxxxx  8EDD 
80 0 65 2D 0 0 15  78 78 78 78 78 78  78 78 78 78 78 78  xxxxxxxxxxxx  F5BC 
80 0 65 2E 0 0 15  78 78 78 78 78 78  78 78 78 78 78 78  xxxxxxxxxxxx  781F 
80 0 65 2F 0 0 15  78 78 78 78 78 78  78 78 78 78 78 78  xxxxxxxxxxxx  037E 
80 0 65 30 0 0 15  78 78 78 78 78 78  78 78 78 78 78 78  xxxxxxxxxxxx  5EE4 
80 0 65 31 0 0 15  78 78 78 78 78 78  78 78 78 78 78 00  xxxxxxxxxxx.  DA1A 
80 0 66 32 0 0  0  36 36 78 78 78 78  78 78 78 78 78 78  66xxxxxxxxxx  5028 
80 0 66 33 0 0 12  78 78 78 78 78 78  78 78 78 78 78 78  xxxxxxxxxxxx  FFC7 
80 0 66 34 0 0 15  78 78 78 78 78 78  78 78 78 78 78 78  xxxxxxxxxxxx  4064 
80 0 66 35 0 0 15  78 78 78 78 78 78  78 78 78 78 78 78  xxxxxxxxxxxx  3B05 
80 0 66 36 0 0 15  78 78 78 78 78 78  78 78 78 78 78 78  xxxxxxxxxxxx  B6A6 
80 0 66 37 0 0 15  78 78 78 78 78 78  78 78 78 78 78 78  xxxxxxxxxxxx  CDC7 
80 0 66 38 0 0 15  78 78 78 78 78 78  78 78 78 78 78 78  xxxxxxxxxxxx  56AA 
80 0 66 39 0 0 15  78 78 78 78 78 78  78 78 78 78 78 78  xxxxxxxxxxxx  2DCB 
80 0 66 3A 0 0 15  78 78 78 78 78 78  78 78 78 78 78 78  xxxxxxxxxxxx  A068 
80 0 66 3B 0 0 15  78 78 78 78 78 78  78 78 78 78 78 78  xxxxxxxxxxxx  DB09 
80 0 66 3C 0 0 15  78 78 78 78 78 78  78 78 78 78 78 78  xxxxxxxxxxxx  AB0F 
80 0 66 3D 0 0 15  78 78 78 78 78 78  78 78 78 78 78 78  xxxxxxxxxxxx  D06E 
80 0 66 3E 0 0 15  78 78 78 78 78 78  00 36 37 78 78 78  xxxxxx.67xxx  71A1 
80 0 67 3F 0 0  5  78 78 78 78 78 78  78 78 78 78 78 78  xxxxxxxxxxxx  09CC 
80 0 67 40 0 0 15  78 78 78 78 78 78  78 78 78 78 78 78  xxxxxxxxxxxx  63BA 
80 0 67 41 0 0 15  78 78 78 78 78 78  78 78 78 78 78 78  xxxxxxxxxxxx  18DB 
80 0 67 42 0 0 15  78 78 78 78 78 78  78 78 78 78 78 78  xxxxxxxxxxxx  9578 
80 0 67 43 0 0 15  78 78 78 78 78 78  78 78 78 78 78 78  xxxxxxxxxxxx  EE19 
80 0 67 44 0 0 15  78 78 78 78 78 78  78 78 78 78 78 78  xxxxxxxxxxxx  9E1F 
80 0 67 45 0 0 15  78 78 78 78 78 78  78 78 78 78 78 78  xxxxxxxxxxxx  E57E 
80 0 67 46 0 0 15  78 78 78 78 78 78  78 78 78 78 78 78  xxxxxxxxxxxx  68DD 
80 0 67 47 0 0 15  78 78 78 78 78 78  78 78 78 78 78 78  xxxxxxxxxxxx  13BC 
80 0 67 48 0 0 15  78 78 78 78 78 78  78 78 78 78 78 78  xxxxxxxxxxxx  88D1 
80 0 67 49 0 0 15  78 78 78 78 78 78  78 78 78 78 78 78  xxxxxxxxxxxx  F3B0 
80 0 67 4A 0 0 15  78 78 78 78 78 78  78 78 78 78 78 78  xxxxxxxxxxxx  7E13 
80 0 67 4B 0 0 15  78 00 36 38 78 78  78 78 78 78 78 78  x.68xxxxxxxx  0859 
80 0 68 4C 0 0 10  78 78 78 78 78 78  78 78 78 78 78 78  xxxxxxxxxxxx  4D2D 
80 0 68 4D 0 0 15  78 78 78 78 78 78  78 78 78 78 78 78  xxxxxxxxxxxx  7682 
80 0 68 4E 0 0 15  78 78 78 78 78 78  78 78 78 78 78 78  xxxxxxxxxxxx  FB21 
80 0 68 4F 0 0 15  78 78 78 78 78 78  78 78 78 78 78 78  xxxxxxxxxxxx  8040 
80 0 68 50 0 0 15  78 78 78 78 78 78  78 78 78 78 78 78  xxxxxxxxxxxx  DDDA 
80 0 68 51 0 0 15  78 78 78 78 78 78  78 78 78 78 78 78  xxxxxxxxxxxx  A6BB 
80 0 68 52 0 0 15  78 78 78 78 78 78  78 78 78 78 78 78  xxxxxxxxxxxx  2B18 
80 0 68 53 0 0 15  78 78 78 78 78 78  78 78 78 78 78 78  xxxxxxxxxxxx  5079 
80 0 68 54 0 0 15  78 78 78 78 78 78  78 78 78 78 78 78  xxxxxxxxxxxx  207F 
80 0 68 55 0 0 15  78 78 78 78 78 78  78 78 78 78 78 78  xxxxxxxxxxxx  5B1E 
80 0 68 56 0 0 15  78 78 78 78 78 78  78 78 78 78 78 78  xxxxxxxxxxxx  D6BD 
80 0 68 57 0 0 15  78 78 78 78 78 78  78 78 00 36 39 78  xxxxxxxx.69x  523B 
80 0 69 58 0 0  3  78 78 78 78 78 78  78 78 78 78 78 78  xxxxxxxxxxxx  96BA 
80 0 69 59 0 0 15  78 78 78 78 78 78  78 78 78 78 78 78  xxxxxxxxxxxx  E32C 
80 0 69 5A 0 0 15  78 78 78 78 78 78  78 78 78 78 78 78  xxxxxxxxxxxx  6E8F 
80 0 69 5B 0 0 15  78 78 78 78 78 78  78 78 78 78 78 78  xxxxxxxxxxxx  15EE 
80 0 69 5C 0 0 15  78 78 78 78 78 78  78 78 78 78 78 78  xxxxxxxxxxxx  65E8 
80 0 69 5D 0 0 15  78 78 78 78 78 78  78 78 78 78 78 78  xxxxxxxxxxxx  1E89 
80 0 69 5E 0 0 15  78 78 78 78 78 78  78 78 78 78 78 78  xxxxxxxxxxxx  932A 
80 0 69 5F 0 0 15  78 78 78 78 78 78  78 78 78 78 78 78  xxxxxxxxxxxx  E84B 
80 0 69 60 0 0 15  78 78 78 78 78 78  78 78 78 78 78 78  xxxxxxxxxxxx  281E 
80 0 69 61 0 0 15  78 78 78 78 78 78  78 78 78 78 78 78  xxxxxxxxxxxx  537F 
80 0 69 62 0 0 15  78 78 78 78 78 78  78 78 78 78 78 78  xxxxxxxxxxxx  DEDC 
80 0 69 63 0 0 15  78 78 78 78 78 78  78 78 78 78 78 78  xxxxxxxxxxxx  A5BD 
80 0 69 64 0 0 15  78 78 78 00 37 30  78 78 78 78 78 78  xxx.70xxxxxx  36CC 
80 0 70 65 0 0  8  78 78 78 78 78 78  78 78 78 78 78 78  xxxxxxxxxxxx  87F7 
80 0 70 66 0 0 15  78 78 78 78 78 78  78 78 78 78 78 78  xxxxxxxxxxxx  C05C 
80 0 70 67 0 0 15  78 78 78 78 78 78  78 78 78 78 78 78  xxxxxxxxxxxx  BB3D 
80 0 70 68 0 0 15  78 78 78 78 78 78  78 78 78 78 78 78  xxxxxxxxxxxx  2050 
80 0 70 69 0 0 15  78 78 78 78 78 78  78 78 78 78 78 78  xxxxxxxxxxxx  5B31 
80 0 70 6A 0 0 15  78 78 78 78 78 78  78 78 78 78 78 78  xxxxxxxxxxxx  D692 
80 0 70 6B 0 0 15  78 78 78 78 78 78  78 78 78 78 78 78  xxxxxxxxxxxx  ADF3 
80 0 70 6C 0 0 15  78 78 78 78 78 78  78 78 78 78 78 78  xxxxxxxxxxxx  DDF5 
80 0 70 6D 0 0 15  78 78 78 78 78 78  78 78 78 78 78 78  xxxxxxxxxxxx  A694 
80 0 70 6E 0 0 15  78 78 78 78 78 78  78 78 78 78 78 78  xxxxxxxxxxxx  2B37 
80 0 70 6F 0 0 15  78 78 78 78 78 78  78 78 78 78 78 78  xxxxxxxxxxxx  5056 
80 0 70 70 0 0 15  78 78 78 78 78 78  78 78 78 78 00 37  xxxxxxxxxx.7  3517 
80 0 71 71 0 0  1  31 78 78 78 78 78  78 78 78 78 78 78  1xxxxxxxxxxx  99FD 
80 0 71 72 0 0 13  78 78 78 78 78 78  78 78 78 78 78 78  xxxxxxxxxxxx  DF34 
80 0 71 73 0 0 15  78 78 78 78 78 78  78 78 78 78 78 78  xxxxxxxxxxxx  2E93 
80 0 71 74 0 0 15  78 78 78 78 78 78  78 78 78 78 78 78  xxxxxxxxxxxx  5E95 
80 0 71 75 0 0 15  78 78 78 78 78 78  78 78 78 78 78 78  xxxxxxxxxxxx  25F4 
80 0 71 76 0 0 15  78 78 78 78 78 78  78 78 78 78 78 78  xxxxxxxxxxxx  A857 
80 0 71 77 0 0 15  78 78 78 78 78 78  78 78 78 78 78 78  xxxxxxxxxxxx  D336 
80 0 71 78 0 0 15  78 78 78 78 78 78  78 78 78 78 78 78  xxxxxxxxxxxx  485B 
80 0 71 79 0 0 15  78 78 78 78 78 78  78 78 78 78 78 78  xxxxxxxxxxxx  333A 
80 0 71 7A 0 0 15  78 78 78 78 78 78  78 78 78 78 78 78  xxxxxxxxxxxx  BE99 
80 0 71 7B 0 0 15  78 78 78 78 78 78  78 78 78 78 78 78  xxxxxxxxxxxx  C5F8 
80 0 71 7C 0 0 15  78 78 78 78 78 78  78 78 78 78 78 78  xxxxxxxxxxxx  B5FE 
80 0 71 7D 0 0 15  78 78 78 78 78 00  37 32 78 78 78 78  xxxxx.72xxxx  2186 
80 0 72 7E 0 0  6  78 78 78 78 78 78  78 78 78 78 78 78  xxxxxxxxxxxx  52D7 
80 0 72 7F 0 0 15  78 78 78 78 78 78  78 78 78 78 78 78  xxxxxxxxxxxx  678F 
80 0 72 80 0 0 15  78 78 78 78 78 78  78 78 78 78 78 78  xxxxxxxxxxxx  DB1B 
80 0 72 81 0 0 15  78 78 78 78 78 78  78 78 78 78 78 78  xxxxxxxxxxxx  A07A 
80 0 72 82 0 0 15  78 78 78 78 78 78  78 78 78 78 78 78  xxxxxxxxxxxx  2DD9 
80 0 72 83 0 0 15  78 78 78 78 78 78  78 78 78 78 78 78  xxxxxxxxxxxx  56B8 
80 0 72 84 0 0 15  78 78 78 78 78 78  78 78 78 78 78 78  xxxxxxxxxxxx  26BE 
80 0 72 85 0 0 15  78 78 78 78 78 78  78 78 78 78 78 78  xxxxxxxxxxxx  5DDF 
80 0 72 86 0 0 15  78 78 78 78 78 78  78 78 78 78 78 78  xxxxxxxxxxxx  D07C 
80 0 72 87 0 0 15  78 78 78 78 78 78  78 78 78 78 78 78  xxxxxxxxxxxx  AB1D 
80 0 72 88 0 0 15  78 78 78 78 78 78  78 78 78 78 78 78  xxxxxxxxxxxx  3070 
80 0 72 89 0 0 15  78 78 78 78 78 78  78 78 78 78 78 78  xxxxxxxxxxxx  4B11 
80 0 72 8A 0 0 15  00 37 33 78 78 78  78 78 78 78 78 78  .73xxxxxxxxx  1FD2 
80 0 73 8B 0 0 11  78 78 78 78 78 78  78 78 78 78 78 78  xxxxxxxxxxxx  1682 
80 0 73 8C 0 0 15  78 78 78 78 78 78  78 78 78 78 78 78  xxxxxxxxxxxx  6329 
80 0 73 8D 0 0 15  78 78 78 78 78 78  78 78 78 78 78 78  xxxxxxxxxxxx  1848 
80 0 73 8E 0 0 15  78 78 78 78 78 78  78 78 78 78 78 78  xxxxxxxxxxxx  95EB 
80 0 73 8F 0 0 15  78 78 78 78 78 78  78 78 78 78 78 78  xxxxxxxxxxxx  EE8A 
80 0 73 90 0 0 15  78 78 78 78 78 78  78 78 78 78 78 78  xxxxxxxxxxxx  B310 
80 0 73 91 0 0 15  78 78 78 78 78 78  78 78 78 78 78 78  xxxxxxxxxxxx  C871 
80 0 73 92 0 0 15  78 78 78 78 78 78  78 78 78 78 78 78  xxxxxxxxxxxx  45D2 
80 0 73 93 0 0 15  78 78 78 78 78 78  78 78 78 78 78 78  xxxxxxxxxxxx  3EB3 
80 0 73 94 0 0 15  78 78 78 78 78 78  78 78 78 78 78 78  xxxxxxxxxxxx  4EB5 
80 0 73 95 0 0 15  78 78 78 78 78 78  78 78 78 78 78 78  xxxxxxxxxxxx  35D4 
80 0 73 96 0 0 15  78 78 78 78 78 78  78 00 37 34 78 78  xxxxxxx.74xx  7562 
80 0 74 97 0 0  4  78 78 78 78 78 78  78 78 78 78 78 78  xxxxxxxxxxxx  E4CC 
80 0 74 98 0 0 15  78 78 78 78 78 78  78 78 78 78 78 78  xxxxxxxxxxxx  BB5E 
80 0 74 99 0 0 15  78 78 78 78 78 78  78 78 78 78 78 78  xxxxxxxxxxxx  C03F 
80 0 74 9A 0 0 15  78 78 78 78 78 78  78 78 78 78 78 78  xxxxxxxxxxxx  4D9C 
80 0 74 9B 0 0 15  78 78 78 78 78 78  78 78 78 78 78 78  xxxxxxxxxxxx  36FD 
80 0 74 9C 0 0 15  78 78 78 78 78 78  78 78 78 78 78 78  xxxxxxxxxxxx  46FB 
80 0 74 9D 0 0 15  78 78 78 78 78 78  78 78 78 78 78 78  xxxxxxxxxxxx  3D9A 
80 0 74 9E 0 0 15  78 78 78 78 78 78  78 78 78 78 78 78  xxxxxxxxxxxx  B039 
80 0 74 9F 0 0 15  78 78 78 78 78 78  78 78 78 78 78 78  xxxxxxxxxxxx  CB58 
80 0 74 A0 0 0 15  78 78 78 78 78 78  78 78 78 78 78 78  xxxxxxxxxxxx  0B0D 
80 0 74 A1 0 0 15  78 78 78 78 78 78  78 78 78 78 78 78  xxxxxxxxxxxx  706C 
80 0 74 A2 0 0 15  78 78 78 78 78 78  78 78 78 78 78 78  xxxxxxxxxxxx  FDCF 
80 0 74 A3 0 0 15  78 78 00 37 35 78  78 78 78 78 78 78  xx.75xxxxxxx  745D 
80 0 75 A4 0 0  9  78 78 78 78 78 78  78 78 78 78 78 78  xxxxxxxxxxxx  D73F 
80 0 75 A5 0 0 15  78 78 78 78 78 78  78 78 78 78 78 78  xxxxxxxxxxxx  2335 
80 0 75 A6 0 0 15  78 78 78 78 78 78  78 78 78 78 78 78  xxxxxxxxxxxx  AE96 
80 0 75 A7 0 0 15  78 78 78 78 78 78  78 78 78 78 78 78  xxxxxxxxxxxx  D5F7 
80 0 75 A8 0 0 15  78 78 78 78 78 78  78 78 78 78 78 78  xxxxxxxxxxxx  4E9A 
80 0 75 A9 0 0 15  78 78 78 78 78 78  78 78 78 78 78 78  xxxxxxxxxxxx  35FB 
80 0 75 AA 0 0 15  78 78 78 78 78 78  78 78 78 78 78 78  xxxxxxxxxxxx  B858 
80 0 75 AB 0 0 15  78 78 78 78 78 78  78 78 78 78 78 78  xxxxxxxxxxxx  C339 
80 0 75 AC 0 0 15  78 78 78 78 78 78  78 78 78 78 78 78  xxxxxxxxxxxx  B33F 
80 0 75 AD 0 0 15  78 78 78 78 78 78  78 78 78 78 78 78  xxxxxxxxxxxx  C85E 
80 0 75 AE 0 0 15  78 78 78 78 78 78  78 78 78 78 78 78  xxxxxxxxxxxx  45FD 
80 0 75 AF 0 0 15  78 78 78 78 78 78  78 78 78 00 37 36  xxxxxxxxx.76  FBCD 
80 0 76 B0 0 0  2  78 78 78 78 78 78  78 78 78 78 78 78  xxxxxxxxxxxx  5005 
80 0 76 B1 0 0 14  78 78 78 78 78 78  78 78 78 78 78 78  xxxxxxxxxxxx  2593 
80 0 76 B2 0 0 15  78 78 78 78 78 78  78 78 78 78 78 78  xxxxxxxxxxxx  ED53 
80 0 76 B3 0 0 15  78 78 78 78 78 78  78 78 78 78 78 78  xxxxxxxxxxxx  9632 
80 0 76 B4 0 0 15  78 78 78 78 78 78  78 78 78 78 78 78  xxxxxxxxxxxx  E634 
80 0 76 B5 0 0 15  78 78 78 78 78 78  78 78 78 78 78 78  xxxxxxxxxxxx  9D55 
80 0 76 B6 0 0 15  78 78 78 78 78 78  78 78 78 78 78 78  xxxxxxxxxxxx  10F6 
80 0 76 B7 0 0 15  78 78 78 78 78 78  78 78 78 78 78 78  xxxxxxxxxxxx  6B97 
80 0 76 B8 0 0 15  78 78 78 78 78 78  78 78 78 78 78 78  xxxxxxxxxxxx  F0FA 
80 0 76 B9 0 0 15  78 78 78 78 78 78  78 78 78 78 78 78  xxxxxxxxxxxx  8B9B 
80 0 76 BA 0 0 15  78 78 78 78 78 78  78 78 78 78 78 78  xxxxxxxxxxxx  0638 
80 0 76 BB 0 0 15  78 78 78 78 78 78  78 78 78 78 78 78  xxxxxxxxxxxx  7D59 
80 0 76 BC 0 0 15  78 78 78 78 00 37  37 78 78 78 78 78  xxxx.77xxxxx  5B9F 
80 0 77 BD 0 0  7  78 78 78 78 78 78  78 78 78 78 78 78  xxxxxxxxxxxx  D398 
80 0 77 BE 0 0 15  78 78 78 78 78 78  78 78 78 78 78 78  xxxxxxxxxxxx  5561 
80 0 77 BF 0 0 15  78 78 78 78 78 78  78 78 78 78 78 78  xxxxxxxxxxxx  2E00 
80 0 77 C0 0 0 15  78 78 78 78 78 78  78 78 78 78 78 78  xxxxxxxxxxxx  C5EA 
80 0 77 C1 0 0 15  78 78 78 78 78 78  78 78 78 78 78 78  xxxxxxxxxxxx  BE8B 
80 0 77 C2 0 0 15  78 78 78 78 78 78  78 78 78 78 78 78  xxxxxxxxxxxx  3328 
80 0 77 C3 0 0 15  78 78 78 78 78 78  78 78 78 78 78 78  xxxxxxxxxxxx  4849 
80 0 77 C4 0 0 15  78 78 78 78 78 78  78 78 78 78 78 78  xxxxxxxxxxxx  384F 
80 0 77 C5 0 0 15  78 78 78 78 78 78  78 78 78 78 78 78  xxxxxxxxxxxx  432E 
80 0 77 C6 0 0 15  78 78 78 78 78 78  78 78 78 78 78 78  xxxxxxxxxxxx  CE8D 
80 0 77 C7 0 0 15  78 78 78 78 78 78  78 78 78 78 78 78  xxxxxxxxxxxx  B5EC 
80 0 77 C8 0 0 15  78 78 78 78 78 78  78 78 78 78 78 00  xxxxxxxxxxx.  D11E 
80 0 78 C9 0 0  0  37 38 78 78 78 78  78 78 78 78 78 78  78xxxxxxxxxx  FDE1 
80 0 78 CA 0 0 12  78 78 78 78 78 78  78 78 78 78 78 78  xxxxxxxxxxxx  F4C3 
80 0 78 CB 0 0 15  78 78 78 78 78 78  78 78 78 78 78 78  xxxxxxxxxxxx  4007 
80 0 78 CC 0 0 15  78 78 78 78 78 78  78 78 78 78 78 78  xxxxxxxxxxxx  3001 
80 0 78 CD 0 0 15  78 78 78 78 78 78  78 78 78 78 78 78  xxxxxxxxxxxx  4B60 
80 0 78 CE 0 0 15  78 78 78 78 78 78  78 78 78 78 78 78  xxxxxxxxxxxx  C6C3 
80 0 78 CF 0 0 15  78 78 78 78 78 78  78 78 78 78 78 78  xxxxxxxxxxxx  BDA2 
80 0 78 D0 0 0 15  78 78 78 78 78 78  78 78 78 78 78 78  xxxxxxxxxxxx  E038 
80 0 78 D1 0 0 15  78 78 78 78 78 78  78 78 78 78 78 78  xxxxxxxxxxxx  9B59 
80 0 78 D2 0 0 15  78 78 78 78 78 78  78 78 78 78 78 78  xxxxxxxxxxxx  16FA 
80 0 78 D3 0 0 15  78 78 78 78 78 78  78 78 78 78 78 78  xxxxxxxxxxxx  6D9B 
80 0 78 D4 0 0 15  78 78 78 78 78 78  78 78 78 78 78 78  xxxxxxxxxxxx  1D9D 
80 0 78 D5 0 0 15  78 78 78 78 78 78  00 37 39 78 78 78  xxxxxx.79xxx  429B 
80 0 79 D6 0 0  5  78 78 78 78 78 78  78 78 78 78 78 78  xxxxxxxxxxxx  C43F 
80 0 79 D7 0 0 15  78 78 78 78 78 78  78 78 78 78 78 78  xxxxxxxxxxxx  3EC2 
80 0 79 D8 0 0 15  78 78 78 78 78 78  78 78 78 78 78 78  xxxxxxxxxxxx  A5AF 
80 0 79 D9 0 0 15  78 78 78 78 78 78  78 78 78 78 78 78  xxxxxxxxxxxx  DECE 
80 0 79 DA 0 0 15  78 78 78 78 78 78  78 78 78 78 78 78  xxxxxxxxxxxx  536D 
80 0 79 DB 0 0 15  78 78 78 78 78 78  78 78 78 78 78 78  xxxxxxxxxxxx  280C 
80 0 79 DC 0 0 15  78 78 78 78 78 78  78 78 78 78 78 78  xxxxxxxxxxxx  580A 
80 0 79 DD 0 0 15  78 78 78 78 78 78  78 78 78 78 78 78  xxxxxxxxxxxx  236B 
80 0 79 DE 0 0 15  78 78 78 78 78 78  78 78 78 78 78 78  xxxxxxxxxxxx  AEC8 
80 0 79 DF 0 0 15  78 78 78 78 78 78  78 78 78 78 78 78  xxxxxxxxxxxx  D5A9 
80 0 79 E0 0 0 15  78 78 78 78 78 78  78 78 78 78 78 78  xxxxxxxxxxxx  15FC 
80 0 79 E1 0 0 15  78 78 78 78 78 78  78 78 78 78 78 78  xxxxxxxxxxxx  6E9D 
80 0 79 E2 0 0 15  78 00 38 30 78 78  78 78 78 78 78 78  x.80xxxxxxxx  FE1E 
80 0 80 E3 0 0 10  78 78 78 78 78 78  78 78 78 78 78 78  xxxxxxxxxxxx  C9C9 
80 0 80 E4 0 0 15  78 78 78 78 78 78  78 78 78 78 78 78  xxxxxxxxxxxx  F901 
80 0 80 E5 0 0 15  78 78 78 78 78 78  78 78 78 78 78 78  xxxxxxxxxxxx  8260 
80 0 80 E6 0 0 15  78 78 78 78 78 78  78 78 78 78 78 78  xxxxxxxxxxxx  0FC3 
80 0 80 E7 0 0 15  78 78 78 78 78 78  78 78 78 78 78 78  xxxxxxxxxxxx  74A2 
80 0 80 E8 0 0 15  78 78 78 78 78 78  78 78 78 78 78 78  xxxxxxxxxxxx  EFCF 
80 0 80 E9 0 0 15  78 78 78 78 78 78  78 78 78 78 78 78  xxxxxxxxxxxx  94AE 
80 0 80 EA 0 0 15  78 78 78 78 78 78  78 78 78 78 78 78  xxxxxxxxxxxx  190D 
80 0 80 EB 0 0 15  78 78 78 78 78 78  78 78 78 78 78 78  xxxxxxxxxxxx  626C 
80 0 80 EC 0 0 15  78 78 78 78 78 78  78 78 78 78 78 78  xxxxxxxxxxxx  126A 
80 0 80 ED 0 0 15  78 78 78 78 78 78  78 78 78 78 78 78  xxxxxxxxxxxx  690B 
80 0 80 EE 0 0 15  78 78 78 78 78 78  78 78 00 38 31 78  xxxxxxxx.81x  89E7 
80 0 81 EF 0 0  3  78 78 78 78 78 78  78 78 78 78 78 78  xxxxxxxxxxxx  3FC2 
80 0 81 F0 0 0 15  78 78 78 78 78 78  78 78 78 78 78 78  xxxxxxxxxxxx  6CAF 
80 0 81 F1 0 0 15  78 78 78 78 78 78  78 78 78 78 78 78  xxxxxxxxxxxx  17CE 
80 0 81 F2 0 0 15  78 78 78 78 78 78  78 78 78 78 78 78  xxxxxxxxxxxx  9A6D 
80 0 81 F3 0 0 15  78 78 78 78 78 78  78 78 78 78 78 78  xxxxxxxxxxxx  E10C 
80 0 81 F4 0 0 15  78 78 78 78 78 78  78 78 78 78 78 78  xxxxxxxxxxxx  910A 
80 0 81 F5 0 0 15  78 78 78 78 78 78  78 78 78 78 78 78  xxxxxxxxxxxx  EA6B 
80 0 81 F6 0 0 15  78 78 78 78 78 78  78 78 78 78 78 78  xxxxxxxxxxxx  67C8 
80 0 81 F7 0 0 15  78 78 78 78 78 78  78 78 78 78 78 78  xxxxxxxxxxxx  1CA9 
80 0 81 F8 0 0 15  78 78 78 78 78 78  78 78 78 78 78 78  xxxxxxxxxxxx  87C4 
80 0 81 F9 0 0 15  78 78 78 78 78 78  78 78 78 78 78 78  xxxxxxxxxxxx  FCA5 
80 0 81 FA 0 0 15  78 78 78 78 78 78  78 78 78 78 78 78  xxxxxxxxxxxx  7106 
80 0 81 FB 0 0 15  78 78 78 00 38 32  78 78 78 78 78 78  xxx.82xxxxxx  5031 
80 0 82 FC 0 0  8  78 78 78 78 78 78  78 78 78 78 78 78  xxxxxxxxxxxx  534C 
80 0 82 FD 0 0 15  78 78 78 78 78 78  78 78 78 78 78 78  xxxxxxxxxxxx  E225 
80 0 82 FE 0 0 15  78 78 78 78 78 78  78 78 78 78 78 78  xxxxxxxxxxxx  6F86 
80 0 82 FF 0 0 15  78 78 78 78 78 78  78 78 78 78 78 78  xxxxxxxxxxxx  14E7 
80 0 82 00 0 0 15  78 78 78 78 78 78  78 78 78 78 78 78  xxxxxxxxxxxx  A873 
80 0 82 01 0 0 15  78 78 78 78 78 78  78 78 78 78 78 78  xxxxxxxxxxxx  D312 
80 0 82 02 0 0 15  78 78 78 78 78 78  78 78 78 78 78 78  xxxxxxxxxxxx  5EB1 
80 0 82 03 0 0 15  78 78 78 78 78 78  78 78 78 78 78 78  xxxxxxxxxxxx  25D0 
80 0 82 04 0 0 15  78 78 78 78 78 78  78 78 78 78 78 78  xxxxxxxxxxxx  55D6 
80 0 82 05 0 0 15  78 78 78 78 78 78  78 78 78 78 78 78  xxxxxxxxxxxx  2EB7 
80 0 82 06 0 0 15  78 78 78 78 78 78  78 78 78 78 78 78  xxxxxxxxxxxx  A314 
80 0 82 07 0 0 15  78 78 78 78 78 78  78 78 78 78 00 38  xxxxxxxxxx.8  1141 
80 0 83 08 0 0  1  33 78 78 78 78 78  78 78 78 78 78 78  3xxxxxxxxxxx  AAA2 
80 0 83 09 0 0 13  78 78 78 78 78 78  78 78 78 78 78 78  xxxxxxxxxxxx  1C43 
80 0 83 0A 0 0 15  78 78 78 78 78 78  78 78 78 78 78 78  xxxxxxxxxxxx  1B26 
80 0 83 0B 0 0 15  78 78 78 78 78 78  78 78 78 78 78 78  xxxxxxxxxxxx  6047 
80 0 83 0C 0 0 15  78 78 78 78 78 78  78 78 78 78 78 78  xxxxxxxxxxxx  1041 
80 0 83 0D 0 0 15  78 78 78 78 78 78  78 78 78 78 78 78  xxxxxxxxxxxx  6B20 
80 0 83 0E 0 0 15  78 78 78 78 78 78  78 78 78 78 78 78  xxxxxxxxxxxx  E683 
80 0 83 0F 0 0 15  78 78 78 78 78 78  78 78 78 78 78 78  xxxxxxxxxxxx  9DE2 
80 0 83 10 0 0 15  78 78 78 78 78 78  78 78 78 78 78 78  xxxxxxxxxxxx  C078 
80 0 83 11 0 0 15  78 78 78 78 78 78  78 78 78 78 78 78  xxxxxxxxxxxx  BB19 
80 0 83 12 0 0 15  78 78 78 78 78 78  78 78 78 78 78 78  xxxxxxxxxxxx  36BA 
80 0 83 13 0 0 15  78 78 78 78 78 78  78 78 78 78 78 78  xxxxxxxxxxxx  4DDB 
80 0 83 14 0 0 15  78 78 78 78 78 00  38 34 78 78 78 78  xxxxx.84xxxx  DA42 
80 0 84 15 0 0  6  78 78 78 78 78 78  78 78 78 78 78 78  xxxxxxxxxxxx  7012 
80 0 84 16 0 0 15  78 78 78 78 78 78  78 78 78 78 78 78  xxxxxxxxxxxx  B388 
80 0 84 17 0 0 15  78 78 78 78 78 78  78 78 78 78 78 78  xxxxxxxxxxxx  C8E9 
80 0 84 18 0 0 15  78 78 78 78 78 78  78 78 78 78 78 78  xxxxxxxxxxxx  5384 
80 0 84 19 0 0 15  78 78 78 78 78 78  78 78 78 78 78 78  xxxxxxxxxxxx  28E5 
80 0 84 1A 0 0 15  78 78 78 78 78 78  78 78 78 78 78 78  xxxxxxxxxxxx  A546 
80 0 84 1B 0 0 15  78 78 78 78 78 78  78 78 78 78 78 78  xxxxxxxxxxxx  DE27 
80 0 84 1C 0 0 15  78 78 78 78 78 78  78 78 78 78 78 78  xxxxxxxxxxxx  AE21 
80 0 84 1D 0 0 15  78 78 78 78 78 78  78 78 78 78 78 78  xxxxxxxxxxxx  D540 
80 0 84 1E 0 0 15  78 78 78 78 78 78  78 78 78 78 78 78  xxxxxxxxxxxx  58E3 
80 0 84 1F 0 0 15  78 78 78 78 78 78  78 78 78 78 78 78  xxxxxxxxxxxx  2382 
80 0 84 20 0 0 15  78 78 78 78 78 78  78 78 78 78 78 78  xxxxxxxxxxxx  E3D7 
80 0 84 21 0 0 15  00 38 35 78 78 78  78 78 78 78 78 78  .85xxxxxxxxx  B95A 
80 0 85 22 0 0 11  78 78 78 78 78 78  78 78 78 78 78 78  xxxxxxxxxxxx  BE44 
80 0 85 23 0 0 15  78 78 78 78 78 78  78 78 78 78 78 78  xxxxxxxxxxxx  C088 
80 0 85 24 0 0 15  78 78 78 78 78 78  78 78 78 78 78 78  xxxxxxxxxxxx  B08E 
80 0 85 25 0 0 15  78 78 78 78 78 78  78 78 78 78 78 78  xxxxxxxxxxxx  CBEF 
80 0 85 26 0 0 15  78 78 78 78 78 78  78 78 78 78 78 78  xxxxxxxxxxxx  464C 
80 0 85 27 0 0 15  78 78 78 78 78 78  78 78 78 78 78 78  xxxxxxxxxxxx  3D2D 
80 0 85 28 0 0 15  78 78 78 78 78 78  78 78 78 78 78 78  xxxxxxxxxxxx  A640 
80 0 85 29 0 0 15  78 78 78 78 78 78  78 78 78 78 78 78  xxxxxxxxxxxx  DD21 
80 0 85 2A 0 0 15  78 78 78 78 78 78  78 78 78 78 78 78  xxxxxxxxxxxx  5082 
80 0 85 2B 0 0 15  78 78 78 78 78 78  78 78 78 78 78 78  xxxxxxxxxxxx  2BE3 
80 0 85 2C 0 0 15  78 78 78 78 78 78  78 78 78 78 78 78  xxxxxxxxxxxx  5BE5 
80 0 85 2D 0 0 15  78 78 78 78 78 78  78 00 38 36 78 78  xxxxxxx.86xx  571F 
80 0 86 2E 0 0  4  78 78 78 78 78 78  78 78 78 78 78 78  xxxxxxxxxxxx  8AFD 
80 0 86 2F 0 0 15  78 78 78 78 78 78  78 78 78 78 78 78  xxxxxxxxxxxx  3563 
80 0 86 30 0 0 15  78 78 78 78 78 78  78 78 78 78 78 78  xxxxxxxxxxxx  68F9 
80 0 86 31 0 0 15  78 78 78 78 78 78  78 78 78 78 78 78  xxxxxxxxxxxx  1398 
80 0 86 32 0 0 15  78 78 78 78 78 78  78 78 78 78 78 78  xxxxxxxxxxxx  9E3B 
80 0 86 33 0 0 15  78 78 78 78 78 78  78 78 78 78 78 78  xxxxxxxxxxxx  E55A 
80 0 86 34 0 0 15  78 78 78 78 78 78  78 78 78 78 78 78  xxxxxxxxxxxx  955C 
80 0 86 35 0 0 15  78 78 78 78 78 78  78 78 78 78 78 78  xxxxxxxxxxxx  EE3D 
80 0 86 36 0 0 15  78 78 78 78 78 78  78 78 78 78 78 78  xxxxxxxxxxxx  639E 
80 0 86 37 0 0 15  78 78 78 78 78 78  78 78 78 78 78 78  xxxxxxxxxxxx  18FF 
80 0 86 38 0 0 15  78 78 78 78 78 78  78 78 78 78 78 78  xxxxxxxxxxxx  8392 
80 0 86 39 0 0 15  78 78 78 78 78 78  78 78 78 78 78 78  xxxxxxxxxxxx  F8F3 
80 0 86 3A 0 0 15  78 78 00 38 37 78  78 78 78 78 78 78  xx.87xxxxxxx  9051 
80 0 87 3B 0 0  9  78 78 78 78 78 78  78 78 78 78 78 78  xxxxxxxxxxxx  2FA6 
80 0 87 3C 0 0 15  78 78 78 78 78 78  78 78 78 78 78 78  xxxxxxxxxxxx  D0CB 
80 0 87 3D 0 0 15  78 78 78 78 78 78  78 78 78 78 78 78  xxxxxxxxxxxx  ABAA 
80 0 87 3E 0 0 15  78 78 78 78 78 78  78 78 78 78 78 78  xxxxxxxxxxxx  2609 
80 0 87 3F 0 0 15  78 78 78 78 78 78  78 78 78 78 78 78  xxxxxxxxxxxx  5D68 
80 0 87 40 0 0 15  78 78 78 78 78 78  78 78 78 78 78 78  xxxxxxxxxxxx  B682 
80 0 87 41 0 0 15  78 78 78 78 78 78  78 78 78 78 78 78  xxxxxxxxxxxx  CDE3 
80 0 87 42 0 0 15  78 78 78 78 78 78  78 78 78 78 78 78  xxxxxxxxxxxx  4040 
80 0 87 43 0 0 15  78 78 78 78 78 78  78 78 78 78 78 78  xxxxxxxxxxxx  3B21 
80 0 87 44 0 0 15  78 78 78 78 78 78  78 78 78 78 78 78  xxxxxxxxxxxx  4B27 
80 0 87 45 0 0 15  78 78 78 78 78 78  78 78 78 78 78 78  xxxxxxxxxxxx  3046 
80 0 87 46 0 0 15  78 78 78 78 78 78  78 78 78 00 38 38  xxxxxxxxx.88  8944 
80 0 88 47 0 0  2  78 78 78 78 78 78  78 78 78 78 78 78  xxxxxxxxxxxx  D2C2 
80 0 88 48 0 0 14  78 78 78 78 78 78  78 78 78 78 78 78  xxxxxxxxxxxx  4758 
80 0 88 49 0 0 15  78 78 78 78 78 78  78 78 78 78 78 78  xxxxxxxxxxxx  795A 
80 0 88 4A 0 0 15  78 78 78 78 78 78  78 78 78 78 78 78  xxxxxxxxxxxx  F4F9 
80 0 88 4B 0 0 15  78 78 78 78 78 78  78 78 78 78 78 78  xxxxxxxxxxxx  8F98 
80 0 88 4C 0 0 15  78 78 78 78 78 78  78 78 78 78 78 78  xxxxxxxxxxxx  FF9E 
80 0 88 4D 0 0 15  78 78 78 78 78 78  78 78 78 78 78 78  xxxxxxxxxxxx  84FF 
80 0 88 4E 0 0 15  78 78 78 78 78 78  78 78 78 78 78 78  xxxxxxxxxxxx  095C 
80 0 88 4F 0 0 15  78 78 78 78 78 78  78 78 78 78 78 78  xxxxxxxxxxxx  723D 
80 0 88 50 0 0 15  78 78 78 78 78 78  78 78 78 78 78 78  xxxxxxxxxxxx  2FA7 
80 0 88 51 0 0 15  78 78 78 78 78 78  78 78 78 78 78 78  xxxxxxxxxxxx  54C6 
80 0 88 52 0 0 15  78 78 78 78 78 78  78 78 78 78 78 78  xxxxxxxxxxxx  D965 
80 0 88 53 0 0 15  78 78 78 78 00 38  39 78 78 78 78 78  xxxx.89xxxxx  FE8E 
80 0 89 54 0 0  7  78 78 78 78 78 78  78 78 78 78 78 78  xxxxxxxxxxxx  77A4 
80 0 89 55 0 0 15  78 78 78 78 78 78  78 78 78 78 78 78  xxxxxxxxxxxx  079F 
80 0 89 56 0 0 15  78 78 78 78 78 78  78 78 78 78 78 78  xxxxxxxxxxxx  8A3C 
80 0 89 57 0 0 15  78 78 78 78 78 78  78 78 78 78 78 78  xxxxxxxxxxxx  F15D 
80 0 89 58 0 0 15  78 78 78 78 78 78  78 78 78 78 78 78  xxxxxxxxxxxx  6A30 
80 0 89 59 0 0 15  78 78 78 78 78 78  78 78 78 78 78 78  xxxxxxxxxxxx  1151 
80 0 89 5A 0 0 15  78 78 78 78 78 78  78 78 78 78 78 78  xxxxxxxxxxxx  9CF2 
80 0 89 5B 0 0 15  78 78 78 78 78 78  78 78 78 78 78 78  xxxxxxxxxxxx  E793 
80 0 89 5C 0 0 15  78 78 78 78 78 78  78 78 78 78 78 78  xxxxxxxxxxxx  9795 
80 0 89 5D 0 0 15  78 78 78 78 78 78  78 78 78 78 78 78  xxxxxxxxxxxx  ECF4 
80 0 89 5E 0 0 15  78 78 78 78 78 78  78 78 78 78 78 78  xxxxxxxxxxxx  6157 
80 0 89 5F 0 0 15  78 78 78 78 78 78  78 78 78 78 78 00  xxxxxxxxxxx.  E5A9 
80 0 90 60 0 0  0  39 30 78 78 78 78  78 78 78 78 78 78  90xxxxxxxxxx  C07A 
80 0 90 61 0 0 12  78 78 78 78 78 78  78 78 78 78 78 78  xxxxxxxxxxxx  8D82 
80 0 90 62 0 0 15  78 78 78 78 78 78  78 78 78 78 78 78  xxxxxxxxxxxx  CF84 
80 0 90 63 0 0 15  78 78 78 78 78 78  78 78 78 78 78 78  xxxxxxxxxxxx  B4E5 
80 0 90 64 0 0 15  78 78 78 78 78 78  78 78 78 78 78 78  xxxxxxxxxxxx  C4E3 
80 0 90 65 0 0 15  78 78 78 78 78 78  78 78 78 78 78 78  xxxxxxxxxxxx  BF82 
80 0 90 66 0 0 15  78 78 78 78 78 78  78 78 78 78 78 78  xxxxxxxxxxxx  3221 
80 0 90 67 0 0 15  78 78 78 78 78 78  78 78 78 78 78 78  xxxxxxxxxxxx  4940 
80 0 90 68 0 0 15  78 78 78 78 78 78  78 78 78 78 78 78  xxxxxxxxxxxx  D22D 
80 0 90 69 0 0 15  78 78 78 78 78 78  78 78 78 78 78 78  xxxxxxxxxxxx  A94C 
80 0 90 6A 0 0 15  78 78 78 78 78 78  78 78 78 78 78 78  xxxxxxxxxxxx  24EF 
80 0 90 6B 0 0 15  78 78 78 78 78 78  78 78 78 78 78 78  xxxxxxxxxxxx  5F8E 
80 0 90 6C 0 0 15  78 78 78 78 78 78  00 39 31 78 78 78  xxxxxx.91xxx  4184 
80 0 91 6D 0 0  5  78 78 78 78 78 78  78 78 78 78 78 78  xxxxxxxxxxxx  7B89 
80 0 91 6E 0 0 15  78 78 78 78 78 78  78 78 78 78 78 78  xxxxxxxxxxxx  77B6 
80 0 91 6F 0 0 15  78 78 78 78 78 78  78 78 78 78 78 78  xxxxxxxxxxxx  0CD7 
80 0 91 70 0 0 15  78 78 78 78 78 78  78 78 78 78 78 78  xxxxxxxxxxxx  514D 
80 0 91 71 0 0 15  78 78 78 78 78 78  78 78 78 78 78 78  xxxxxxxxxxxx  2A2C 
80 0 91 72 0 0 15  78 78 78 78 78 78  78 78 78 78 78 78  xxxxxxxxxxxx  A78F 
80 0 91 73 0 0 15  78 78 78 78 78 78  78 78 78 78 78 78  xxxxxxxxxxxx  DCEE 
80 0 91 74 0 0 15  78 78 78 78 78 78  78 78 78 78 78 78  xxxxxxxxxxxx  ACE8 
80 0 91 75 0 0 15  78 78 78 78 78 78  78 78 78 78 78 78  xxxxxxxxxxxx  D789 
80 0 91 76 0 0 15  78 78 78 78 78 78  78 78 78 78 78 78  xxxxxxxxxxxx  5A2A 
80 0 91 77 0 0 15  78 78 78 78 78 78  78 78 78 78 78 78  xxxxxxxxxxxx  214B 
80 0 91 78 0 0 15  78 78 78 78 78 78  78 78 78 78 78 78  xxxxxxxxxxxx  BA26 
80 0 91 79 0 0 15  78 00 39 32 78 78  78 78 78 78 78 78  x.92xxxxxxxx  7545 
80 0 92 7A 0 0 10  78 78 78 78 78 78  78 78 78 78 78 78  xxxxxxxxxxxx  74BD 
80 0 92 7B 0 0 15  78 78 78 78 78 78  78 78 78 78 78 78  xxxxxxxxxxxx  4F12 
80 0 92 7C 0 0 15  78 78 78 78 78 78  78 78 78 78 78 78  xxxxxxxxxxxx  3F14 
80 0 92 7D 0 0 15  78 78 78 78 78 78  78 78 78 78 78 78  xxxxxxxxxxxx  4475 
80 0 92 7E 0 0 15  78 78 78 78 78 78  78 78 78 78 78 78  xxxxxxxxxxxx  C9D6 
80 0 92 7F 0 0 15  78 78 78 78 78 78  78 78 78 78 78 78  xxxxxxxxxxxx  B2B7 
80 0 92 80 0 0 15  78 78 78 78 78 78  78 78 78 78 78 78  xxxxxxxxxxxx  0E23 
80 0 92 81 0 0 15  78 78 78 78 78 78  78 78 78 78 78 78  xxxxxxxxxxxx  7542 
80 0 92 82 0 0 15  78 78 78 78 78 78  78 78 78 78 78 78  xxxxxxxxxxxx  F8E1 
80 0 92 83 0 0 15  78 78 78 78 78 78  78 78 78 78 78 78  xxxxxxxxxxxx  8380 
80 0 92 84 0 0 15  78 78 78 78 78 78  78 78 78 78 78 78  xxxxxxxxxxxx  F386 
80 0 92 85 0 0 15  78 78 78 78 78 78  78 78 00 39 33 78  xxxxxxxx.93x  B4FA 
80 0 93 86 0 0  3  78 78 78 78 78 78  78 78 78 78 78 78  xxxxxxxxxxxx  A54F 
80 0 93 87 0 0 15  78 78 78 78 78 78  78 78 78 78 78 78  xxxxxxxxxxxx  D0D9 
80 0 93 88 0 0 15  78 78 78 78 78 78  78 78 78 78 78 78  xxxxxxxxxxxx  4BB4 
80 0 93 89 0 0 15  78 78 78 78 78 78  78 78 78 78 78 78  xxxxxxxxxxxx  30D5 
80 0 93 8A 0 0 15  78 78 78 78 78 78  78 78 78 78 78 78  xxxxxxxxxxxx  BD76 
80 0 93 8B 0 0 15  78 78 78 78 78 78  78 78 78 78 78 78  xxxxxxxxxxxx  C617 
80 0 93 8C 0 0 15  78 78 78 78 78 78  78 78 78 78 78 78  xxxxxxxxxxxx  B611 
80 0 93 8D 0 0 15  78 78 78 78 78 78  78 78 78 78 78 78  xxxxxxxxxxxx  CD70 
80 0 93 8E 0 0 15  78 78 78 78 78 78  78 78 78 78 78 78  xxxxxxxxxxxx  40D3 
80 0 93 8F 0 0 15  78 78 78 78 78 78  78 78 78 78 78 78  xxxxxxxxxxxx  3BB2 
80 0 93 90 0 0 15  78 78 78 78 78 78  78 78 78 78 78 78  xxxxxxxxxxxx  6628 
80 0 93 91 0 0 15  78 78 78 78 78 78  78 78 78 78 78 78  xxxxxxxxxxxx  1D49 
80 0 93 92 0 0 15  78 78 78 00 39 34  78 78 78 78 78 78  xxx.94xxxxxx  2C4A 
80 0 94 93 0 0  8  78 78 78 78 78 78  78 78 78 78 78 78  xxxxxxxxxxxx  C2A6 
80 0 94 94 0 0 15  78 78 78 78 78 78  78 78 78 78 78 78  xxxxxxxxxxxx  78A8 
80 0 94 95 0 0 15  78 78 78 78 78 78  78 78 78 78 78 78  xxxxxxxxxxxx  03C9 
80 0 94 96 0 0 15  78 78 78 78 78 78  78 78 78 78 78 78  xxxxxxxxxxxx  8E6A 
80 0 94 97 0 0 15  78 78 78 78 78 78  78 78 78 78 78 78  xxxxxxxxxxxx  F50B 
80 0 94 98 0 0 15  78 78 78 78 78 78  78 78 78 78 78 78  xxxxxxxxxxxx  6E66 
80 0 94 99 0 0 15  78 78 78 78 78 78  78 78 78 78 78 78  xxxxxxxxxxxx  1507 
80 0 94 9A 0 0 15  78 78 78 78 78 78  78 78 78 78 78 78  xxxxxxxxxxxx  98A4 
80 0 94 9B 0 0 15  78 78 78 78 78 78  78 78 78 78 78 78  xxxxxxxxxxxx  E3C5 
80 0 94 9C 0 0 15  78 78 78 78 78 78  78 78 78 78 78 78  xxxxxxxxxxxx  93C3 
80 0 94 9D 0 0 15  78 78 78 78 78 78  78 78 78 78 78 78  xxxxxxxxxxxx  E8A2 
80 0 94 9E 0 0 15  78 78 78 78 78 78  78 78 78 78 00 39  xxxxxxxxxx.9  BC14 
80 0 95 9F 0 0  1  35 78 78 78 78 78  78 78 78 78 78 78  5xxxxxxxxxxx  FCE4 
80 0 95 A0 0 0 13  78 78 78 78 78 78  78 78 78 78 78 78  xxxxxxxxxxxx  FA0F 
80 0 95 A1 0 0 15  78 78 78 78 78 78  78 78 78 78 78 78  xxxxxxxxxxxx  0BA8 
80 0 95 A2 0 0 15  78 78 78 78 78 78  78 78 78 78 78 78  xxxxxxxxxxxx  860B 
80 0 95 A3 0 0 15  78 78 78 78 78 78  78 78 78 78 78 78  xxxxxxxxxxxx  FD6A 
80 0 95 A4 0 0 15  78 78 78 78 78 78  78 78 78 78 78 78  xxxxxxxxxxxx  8D6C 
80 0 95 A5 0 0 15  78 78 78 78 78 78  78 78 78 78 78 78  xxxxxxxxxxxx  F60D 
80 0 95 A6 0 0 15  78 78 78 78 78 78  78 78 78 78 78 78  xxxxxxxxxxxx  7BAE 
80 0 95 A7 0 0 15  78 78 78 78 78 78  78 78 78 78 78 78  xxxxxxxxxxxx  00CF 
80 0 95 A8 0 0 15  78 78 78 78 78 78  78 78 78 78 78 78  xxxxxxxxxxxx  9BA2 
80 0 95 A9 0 0 15  78 78 78 78 78 78  78 78 78 78 78 78  xxxxxxxxxxxx  E0C3 
80 0 95 AA 0 0 15  78 78 78 78 78 78  78 78 78 78 78 78  xxxxxxxxxxxx  6D60 
80 0 95 AB 0 0 15  78 78 78 78 78 00  39 36 78 78 78 78  xxxxx.96xxxx  F0BD 
80 0 96 AC 0 0  6  78 78 78 78 78 78  78 78 78 78 78 78  xxxxxxxxxxxx  A472 
80 0 96 AD 0 0 15  78 78 78 78 78 78  78 78 78 78 78 78  xxxxxxxxxxxx  912A 
80 0 96 AE 0 0 15  78 78 78 78 78 78  78 78 78 78 78 78  xxxxxxxxxxxx  1C89 
80 0 96 AF 0 0 15  78 78 78 78 78 78  78 78 78 78 78 78  xxxxxxxxxxxx  67E8 
80 0 96 B0 0 0 15  78 78 78 78 78 78  78 78 78 78 78 78  xxxxxxxxxxxx  3A72 
80 0 96 B1 0 0 15  78 78 78 78 78 78  78 78 78 78 78 78  xxxxxxxxxxxx  4113 
80 0 96 B2 0 0 15  78 78 78 78 78 78  78 78 78 78 78 78  xxxxxxxxxxxx  CCB0 
80 0 96 B3 0 0 15  78 78 78 78 78 78  78 78 78 78 78 78  xxxxxxxxxxxx  B7D1 
80 0 96 B4 0 0 15  78 78 78 78 78 78  78 78 78 78 78 78  xxxxxxxxxxxx  C7D7 
80 0 96 B5 0 0 15  78 78 78 78 78 78  78 78 78 78 78 78  xxxxxxxxxxxx  BCB6 
80 0 96 B6 0 0 15  78 78 78 78 78 78  78 78 78 78 78 78  xxxxxxxxxxxx  3115 
80 0 96 B7 0 0 15  78 78 78 78 78 78  78 78 78 78 78 78  xxxxxxxxxxxx  4A74 
80 0 96 B8 0 0 15  00 39 37 78 78 78  78 78 78 78 78 78  .97xxxxxxxxx  F636 
80 0 97 B9 0 0 11  78 78 78 78 78 78  78 78 78 78 78 78  xxxxxxxxxxxx  0129 
80 0 97 BA 0 0 15  78 78 78 78 78 78  78 78 78 78 78 78  xxxxxxxxxxxx  8927 
80 0 97 BB 0 0 15  78 78 78 78 78 78  78 78 78 78 78 78  xxxxxxxxxxxx  F246 
80 0 97 BC 0 0 15  78 78 78 78 78 78  78 78 78 78 78 78  xxxxxxxxxxxx  8240 
80 0 97 BD 0 0 15  78 78 78 78 78 78  78 78 78 78 78 78  xxxxxxxxxxxx  F921 
80 0 97 BE 0 0 15  78 78 78 78 78 78  78 78 78 78 78 78  xxxxxxxxxxxx  7482 
80 0 97 BF 0 0 15  78 78 78 78 78 78  78 78 78 78 78 78  xxxxxxxxxxxx  0FE3 
80 0 97 C0 0 0 15  78 78 78 78 78 78  78 78 78 78 78 78  xxxxxxxxxxxx  E409 
80 0 97 C1 0 0 15  78 78 78 78 78 78  78 78 78 78 78 78  xxxxxxxxxxxx  9F68 
80 0 97 C2 0 0 15  78 78 78 78 78 78  78 78 78 78 78 78  xxxxxxxxxxxx  12CB 
80 0 97 C3 0 0 15  78 78 78 78 78 78  78 78 78 78 78 78  xxxxxxxxxxxx  69AA 
80 0 97 C4 0 0 15  78 78 78 78 78 78  78 00 39 38 78 78  xxxxxxx.98xx  0382 
80 0 98 C5 0 0  4  78 78 78 78 78 78  78 78 78 78 78 78  xxxxxxxxxxxx  4517 
80 0 98 C6 0 0 15  78 78 78 78 78 78  78 78 78 78 78 78  xxxxxxxxxxxx  0C4B 
80 0 98 C7 0 0 15  78 78 78 78 78 78  78 78 78 78 78 78  xxxxxxxxxxxx  772A 
80 0 98 C8 0 0 15  78 78 78 78 78 78  78 78 78 78 78 78  xxxxxxxxxxxx  EC47 
80 0 98 C9 0 0 15  78 78 78 78 78 78  78 78 78 78 78 78  xxxxxxxxxxxx  9726 
80 0 98 CA 0 0 15  78 78 78 78 78 78  78 78 78 78 78 78  xxxxxxxxxxxx  1A85 
80 0 98 CB 0 0 15  78 78 78 78 78 78  78 78 78 78 78 78  xxxxxxxxxxxx  61E4 
80 0 98 CC 0 0 15  78 78 78 78 78 78  78 78 78 78 78 78  xxxxxxxxxxxx  11E2 
80 0 98 CD 0 0 15  78 78 78 78 78 78  78 78 78 78 78 78  xxxxxxxxxxxx  6A83 
80 0 98 CE 0 0 15  78 78 78 78 78 78  78 78 78 78 78 78  xxxxxxxxxxxx  E720 
80 0 98 CF 0 0 15  78 78 78 78 78 78  78 78 78 78 78 78  xxxxxxxxxxxx  9C41 
80 0 98 D0 0 0 15  78 78 78 78 78 78  78 78 78 78 78 78  xxxxxxxxxxxx  C1DB 
80 0 98 D1 0 0 15  78 78 00 39 39 78  78 78 78 78 78 78  xx.99xxxxxxx  2A89 
80 0 99 D2 0 0  9  78 78 78 78 78 78  78 78 78 78 78 78  xxxxxxxxxxxx  168E 
80 0 99 D3 0 0 15  78 78 78 78 78 78  78 78 78 78 78 78  xxxxxxxxxxxx  E284 
80 0 99 D4 0 0 15  78 78 78 78 78 78  78 78 78 78 78 78  xxxxxxxxxxxx  9282 
80 0 99 D5 0 0 15  78 78 78 78 78 78  78 78 78 78 78 78  xxxxxxxxxxxx  E9E3 
80 0 99 D6 0 0 15  78 78 78 78 78 78  78 78 78 78 78 78  xxxxxxxxxxxx  6440 
80 0 99 D7 0 0 15  78 78 78 78 78 78  78 78 78 78 78 78  xxxxxxxxxxxx  1F21 
80 0 99 D8 0 0 15  78 78 78 78 78 78  78 78 78 78 78 78  xxxxxxxxxxxx  844C 
80 0 99 D9 0 0 15  78 78 78 78 78 78  78 78 78 78 78 78  xxxxxxxxxxxx  FF2D 
80 0 99 DA 0 0 15  78 78 78 78 78 78  78 78 78 78 78 78  xxxxxxxxxxxx  728E 
80 0 99 DB 0 0 15  78 78 78 78 78 78  78 78 78 78 78 78  xxxxxxxxxxxx  09EF 
80 0 99 DC 0 0 15  78 78 78 78 78 78  78 78 78 78 78 78  xxxxxxxxxxxx  79E9 
80 0 99 DD 0 0 15  78 78 78 78 78 78  78 78 78 00 00 00  xxxxxxxxx...  0D4E 
8F 0 00 DE 0 0  0  00 01 63 00 DE 00  00 00 00 00 00 00  ............  5ECB 
8F 0 01 DF 0 0  0  00 00 00 00 00 00  00 03 E0 00 00 00  ............  6B0B 
8F 0 02 E0 0 0  0  00 00 00 00 09 00  00 00 00 00 00 00  ............  7B4A 
